,student_id,student_name,student_email
0,GEvzNKAqU,Daniel Carpenter,danielcarpenter@hotmail.com
1,X7pBaij0W,Peter Torres,petertorres@yahoo.com
2,NbMtOugfg,Tina Navarro,tinanavarro@gmail.com
3,gyxRO7cON,Nancy Carr,nancycarr@outlook.com
4,6ek5ULIaN,Tiffany Holt,tiffanyholt@gmail.com
5,TyYkHGZeJ,Shawna Wise,shawnawise@gmail.com
6,9ikJAWcWr,Laura Martinez,lauramartinez@outlook.com
7,N19bdTHPE,Amber Marshall,ambermarshall@gmail.com
8,UEzeZaEr3,Susan Obrien,susanobrien@hotmail.com
9,YgMtmdwYC,Amanda Rowe,amandarowe@gmail.com
10,6Nie3lYUi,Ann Sutton,annsutton@outlook.com
11,mn1mg3I0V,Mr. Jon Walsh,mr.jonwalsh@outlook.com
12,z8aYvqpCb,David Morales,davidmorales@outlook.com
13,3Kr91H5e2,Timothy Macdonald,timothymacdonald@outlook.com
14,nUwfQZ699,Joshua Rodriguez,joshuarodriguez@gmail.com
15,NbmTPDJPw,Cody Mitchell,codymitchell@yahoo.com
16,687dwEu2y,Samantha Lawson,samanthalawson@outlook.com
17,10GMTo1X5,Mary Riley,maryriley@hotmail.com
18,1f8E6Ld2j,Derek Berry,derekberry@outlook.com
19,v2h4vDcoM,Ms. Jacqueline Woods,ms.jacquelinewoods@yahoo.com
20,Wc9aBCgza,Isabel Davis,isabeldavis@yahoo.com
21,IN4S97gBd,Jessica Hill,jessicahill@yahoo.com
22,dnCup0eGc,Andrea Carpenter,andreacarpenter@hotmail.com
23,vTUSqVdqJ,Scott Black,scottblack@gmail.com
24,DoAuqAuF6,Erik Mendoza,erikmendoza@outlook.com
25,kheogFGth,Jennifer Obrien,jenniferobrien@yahoo.com
26,13a0j5ASK,Laura Maldonado,lauramaldonado@hotmail.com
27,KdSSae5jt,Miss Teresa Hodges,missteresahodges@hotmail.com
28,xW7D8lvWB,Howard Green,howardgreen@outlook.com
29,H3Cm794vH,Edward White PhD,edwardwhitephd@yahoo.com
30,QQzIns4R0,Michael Hill,michaelhill@yahoo.com
31,4P6Y1Maxp,Gabrielle Gordon,gabriellegordon@yahoo.com
32,qUSpQQor5,Pamela Hernandez,pamelahernandez@hotmail.com
33,Y6D219XJK,Christopher Ward,christopherward@outlook.com
34,oIRErST7y,Amy Pena,amypena@yahoo.com
35,IFpMKZG9m,Andrea Lopez,andrealopez@hotmail.com
36,TxevXRNXt,Kelly Romero,kellyromero@yahoo.com
37,NUxvwMVAH,Heather Johnson,heatherjohnson@yahoo.com
38,FEVTCLneV,Patrick Kidd,patrickkidd@yahoo.com
39,s2bTzN5Hg,Linda Robinson,lindarobinson@outlook.com
40,O1hVAqq3s,Kenneth Ferguson,kennethferguson@gmail.com
41,FONEX1PbE,Peter Schmidt,peterschmidt@hotmail.com
42,LzHN1Sk3S,Mr. Samuel Cortez MD,mr.samuelcortezmd@hotmail.com
43,nALHCAtse,Kim Davila,kimdavila@outlook.com
44,6yQlHiVcT,Aaron Douglas,aarondouglas@gmail.com
45,cBm5Zrf8p,Russell Sosa,russellsosa@outlook.com
46,zskZXlYbJ,Ian Cruz,iancruz@yahoo.com
47,TwD38YhVa,Denise Kelly,denisekelly@gmail.com
48,VZtLOxISF,Steven Burke,stevenburke@gmail.com
49,3AQ7S3CTX,Matthew Sutton,matthewsutton@outlook.com
50,zRduHdYyT,Robin Woodard,robinwoodard@gmail.com
51,HoI9YlbjO,Robert Ramirez,robertramirez@outlook.com
52,fzMWslIc5,Gary Kent,garykent@gmail.com
53,uWkZrwHPx,Kevin Gonzalez,kevingonzalez@hotmail.com
54,axNHL0lr9,Phillip Hale,philliphale@outlook.com
55,dG1u4ZGf7,Lindsey Reid,lindseyreid@yahoo.com
56,U4MzSdGoA,Brian Martinez,brianmartinez@yahoo.com
57,4WE7O84tJ,Sheena Franklin,sheenafranklin@yahoo.com
58,iYp7THDb6,Benjamin Davis,benjamindavis@hotmail.com
59,PVcToFYaj,Joseph Parker,josephparker@hotmail.com
60,dWBWNWz0O,Brian Jacobson,brianjacobson@outlook.com
61,ogRwXqvgc,Kari Brooks,karibrooks@hotmail.com
62,PkbzhRT9j,Andrew Williams,andrewwilliams@outlook.com
63,jbMfxhzsR,Melissa French,melissafrench@hotmail.com
64,F3ADQ4Lhm,Melissa Moore,melissamoore@yahoo.com
65,dejtvvaJs,Carmen Arnold,carmenarnold@yahoo.com
66,n9gfjuTi7,Christina White,christinawhite@yahoo.com
67,f5qZIqp3m,Angela Hill,angelahill@gmail.com
68,Hhi5jeO1Q,Deborah Morton,deborahmorton@gmail.com
69,nznGMRdWi,Dr. Tammy Prince,dr.tammyprince@hotmail.com
70,qCzB7LYsj,Nicholas Fowler,nicholasfowler@hotmail.com
71,cShhUIz0p,Chris Cooper,chriscooper@outlook.com
72,0zyxTXTKK,Thomas Estrada,thomasestrada@hotmail.com
73,QjruwVQAY,Melissa Rivera,melissarivera@yahoo.com
74,pUb7oZoK1,Dr. Daniel Valdez,dr.danielvaldez@gmail.com
75,RtuxMa2yd,Jennifer Huff,jenniferhuff@yahoo.com
76,Pfod0vPdR,Robert Baker,robertbaker@hotmail.com
77,DqP7kNlb1,Jason Ellis,jasonellis@gmail.com
78,XN6ynhrbn,Erica Rodriguez,ericarodriguez@outlook.com
79,p9XWdIDGh,Mary Walter,marywalter@gmail.com
80,Obq1qseGa,Peter Gardner,petergardner@yahoo.com
81,nVygCxwGH,Brooke Rhodes,brookerhodes@outlook.com
82,5raWzhtCN,Jennifer Martin,jennifermartin@yahoo.com
83,QvL86kvad,Jesse Sims,jessesims@hotmail.com
84,cK1jyTASO,Bradley Perez,bradleyperez@hotmail.com
85,FdTkSVB3D,Lorraine Wright,lorrainewright@gmail.com
86,UtP7ouDN3,Jorge Bauer,jorgebauer@outlook.com
87,O8DsHy67Y,Alicia Thompson,aliciathompson@yahoo.com
88,4MtGYq5Mc,Misty Cameron,mistycameron@outlook.com
89,zWsbR8J7n,Robert Cummings,robertcummings@yahoo.com
90,B9xfnKOY7,Dale Lewis,dalelewis@yahoo.com
91,hJy4ERT48,Elizabeth Frey,elizabethfrey@outlook.com
92,4L7OUohoQ,Shelly Simmons,shellysimmons@gmail.com
93,7tdSqVBlg,Stephanie Sexton,stephaniesexton@gmail.com
94,89Sxum0YQ,Heather Chandler,heatherchandler@gmail.com
95,uQ4RQP1xe,Heather Stewart,heatherstewart@outlook.com
96,gg2dwR5QL,Heidi Berry,heidiberry@outlook.com
97,7f6GWjwt1,Cindy Luna,cindyluna@hotmail.com
98,lno0uhwsv,David Case,davidcase@yahoo.com
99,1NliyVP33,Frank Ray,frankray@outlook.com
100,IcTrVJpe0,Kristina Norris,kristinanorris@yahoo.com
101,pwBaf5WPK,Sean Giles,seangiles@outlook.com
102,NhO9F7NnL,John Andersen,johnandersen@hotmail.com
103,79kMKlBJd,Kara Pacheco,karapacheco@yahoo.com
104,TqCWS3JeJ,Christian Ruiz MD,christianruizmd@gmail.com
105,xNY0lFnhX,Stephanie Diaz,stephaniediaz@outlook.com
106,zv8OCjXKO,William Short,williamshort@yahoo.com
107,50qZ4WQ7j,Dennis Ponce,dennisponce@yahoo.com
108,iv0UQvTb7,Michael Johnson,michaeljohnson@gmail.com
109,Qz64SNBsD,Timothy Cole,timothycole@gmail.com
110,4yWonNmFy,David Hunt,davidhunt@outlook.com
111,uVQSSwrDf,Mark Calderon,markcalderon@hotmail.com
112,l6xqxuR8r,Margaret Sanders,margaretsanders@hotmail.com
113,WMnaw7AFH,Melissa Adams,melissaadams@yahoo.com
114,8NzMITcJJ,Jacqueline Briggs,jacquelinebriggs@outlook.com
115,vntUAUNzI,Dale Hogan,dalehogan@gmail.com
116,Dwwk2cdGd,Maria Morgan,mariamorgan@yahoo.com
117,k6F0xvDyU,Sophia Mack,sophiamack@outlook.com
118,MvKT3kt69,Jonathan Brown,jonathanbrown@hotmail.com
119,aKPFa9Lrb,Stephanie Scott,stephaniescott@yahoo.com
120,aht1nMLDm,Alicia Morgan,aliciamorgan@outlook.com
121,7pS7gSNq6,Lawrence Powell,lawrencepowell@hotmail.com
122,h9EQCeo91,Travis Carter,traviscarter@yahoo.com
123,GLni6wxWB,Michael Yates,michaelyates@outlook.com
124,b4HrGEFPh,Melissa Russell,melissarussell@outlook.com
125,nH8TezOoH,Wendy Gray,wendygray@gmail.com
126,f0AQrBwlj,Sheri Martin,sherimartin@yahoo.com
127,ErOwFp6DO,James Johnson,jamesjohnson@gmail.com
128,aKVtmfpRE,Kelsey Beck,kelseybeck@yahoo.com
129,6d9V5Nvy5,Jonathan Bradford,jonathanbradford@yahoo.com
130,zxQDyB4gB,Sharon Burnett DVM,sharonburnettdvm@yahoo.com
131,R2LZfOiXT,Erika Weber,erikaweber@gmail.com
132,ARHjG07Zr,Sabrina Green,sabrinagreen@hotmail.com
133,teiaSPOtC,Christopher Daniels,christopherdaniels@outlook.com
134,6KL04txdV,Sandra Hunter,sandrahunter@yahoo.com
135,ne3ZLUw3t,William Andrews,williamandrews@gmail.com
136,MeentbnKG,Felicia Torres,feliciatorres@gmail.com
137,xD5uRpVqK,Allison Roth,allisonroth@yahoo.com
138,GFoeMHvH1,Julian Garcia,juliangarcia@outlook.com
139,S1UUjYNju,Lisa Holmes,lisaholmes@hotmail.com
140,mvvVbGurW,John Robbins,johnrobbins@outlook.com
141,ow6pEraOu,Tyler Davis,tylerdavis@yahoo.com
142,cC5CNqjtw,Charles Flowers,charlesflowers@outlook.com
143,5u9qZViFb,Scott Carson,scottcarson@outlook.com
144,OPJUJtczg,Travis Mcconnell,travismcconnell@yahoo.com
145,BQwu0Ssd4,Alexandria Diaz,alexandriadiaz@yahoo.com
146,9LF6dE92i,Christopher Smith,christophersmith@outlook.com
147,41rurVsgp,Alyssa Phillips,alyssaphillips@gmail.com
148,hQ5SEnDuN,Christopher Chapman,christopherchapman@yahoo.com
149,ERcWUtZpo,Raymond Stewart,raymondstewart@outlook.com
150,Zl6rn8PbU,Rebecca Ortiz,rebeccaortiz@gmail.com
151,BCZSWCZeE,Michelle Owens,michelleowens@gmail.com
152,yycj2FYJc,Patrick Burton,patrickburton@gmail.com
153,yodQHhASQ,Philip Miller,philipmiller@outlook.com
154,R0HO1ijNt,Joseph Mcgee,josephmcgee@hotmail.com
155,2VuoObNyU,Paul Roberts,paulroberts@hotmail.com
156,hvLtE3m2Q,Tara Roberts,tararoberts@gmail.com
157,63GEjEMGK,Gerald Hebert,geraldhebert@outlook.com
158,aHfT6Reoe,Albert Ortiz,albertortiz@gmail.com
159,anedX1v4P,Shawn Underwood,shawnunderwood@yahoo.com
160,GdvDkvqqm,Danielle Ryan,danielleryan@yahoo.com
161,KqHY1x0y8,Jamie Bell,jamiebell@outlook.com
162,XaK3ZRxpb,Margaret Knight,margaretknight@hotmail.com
163,MJdDnGHdm,Karla Lynn,karlalynn@hotmail.com
164,RHjpQ8j4u,Michelle Price,michelleprice@yahoo.com
165,jiS4vZwIh,Michelle Morgan,michellemorgan@gmail.com
166,jilttDOdI,Sarah Smith,sarahsmith@gmail.com
167,zpTPukZpC,Jennifer Walker,jenniferwalker@hotmail.com
168,L1Y2S9bw3,Edwin Villa,edwinvilla@outlook.com
169,C36KBnWjf,Jesse Brown,jessebrown@yahoo.com
170,ShF1Qb3aH,Patricia Martin,patriciamartin@hotmail.com
171,idksoERbL,Amanda Rogers,amandarogers@yahoo.com
172,F9EzH7Iim,Tony Griffin,tonygriffin@gmail.com
173,aZb9w7ohQ,Megan Smith,megansmith@hotmail.com
174,HvjSlOq5t,Tammy Ball,tammyball@gmail.com
175,VqxQc7UdW,Andrea Carter,andreacarter@hotmail.com
176,FY34y8Z8O,Mark Cook,markcook@yahoo.com
177,CYHtCJ1NS,Heidi Johnson,heidijohnson@hotmail.com
178,BzOzKXiDo,Katrina Sanchez,katrinasanchez@gmail.com
179,Ldq3o77M5,Sherri Mcdonald,sherrimcdonald@outlook.com
180,TQjQcdT8o,Jeremy Weeks,jeremyweeks@gmail.com
181,SrYBou0k4,Kyle Cooper,kylecooper@outlook.com
182,Z2vgHLHOK,Megan Holden,meganholden@gmail.com
183,NmjZAPqON,Donna Johnson,donnajohnson@outlook.com
184,d7cgnDY23,Michelle Harper,michelleharper@gmail.com
185,R26hY3Bsf,Valerie Davis,valeriedavis@outlook.com
186,3K3iNIkif,Anthony Rodriguez,anthonyrodriguez@hotmail.com
187,125nQTpeV,Herbert Ray,herbertray@hotmail.com
188,gE1G6sm1m,Rick Bryant,rickbryant@gmail.com
189,UejWNWdSR,Mark Koch,markkoch@outlook.com
190,VhwUQjKqB,Anita Reyes,anitareyes@gmail.com
191,6QrovSTqf,Matthew Boyd,matthewboyd@gmail.com
192,3bx5sasGu,Jenna Alexander,jennaalexander@yahoo.com
193,ISuNJBire,Mr. Seth Edwards,mr.sethedwards@gmail.com
194,wPHT88QA1,Christopher Malone,christophermalone@gmail.com
195,0WChJ1yBq,Pamela Harrison,pamelaharrison@gmail.com
196,nmKq95jXS,Kathy Owens,kathyowens@outlook.com
197,U8jShntWK,Timothy Flores,timothyflores@gmail.com
198,AonsEk2iw,Lori Rhodes,lorirhodes@yahoo.com
199,t4HlSt0HQ,Scott Thompson,scottthompson@outlook.com
200,bTtYS92si,Roy Wilson,roywilson@yahoo.com
201,EQ4GTVZbo,Patrick Alexander,patrickalexander@yahoo.com
202,1uaxjhVZ1,Justin Lane,justinlane@yahoo.com
203,rapEN7igp,Deanna Diaz,deannadiaz@yahoo.com
204,kJIv2lLLT,Wanda Lee,wandalee@yahoo.com
205,3kk0Hie9h,Tracy Collins,tracycollins@yahoo.com
206,0EyPk1oVT,Tristan Daniel MD,tristandanielmd@yahoo.com
207,nLnROMHLW,Mark Edwards DVM,markedwardsdvm@yahoo.com
208,7342B4Unt,Kyle Johnson,kylejohnson@hotmail.com
209,LwLpJaP05,Erin Kim,erinkim@outlook.com
210,2euf5Rhu0,Amanda Mitchell,amandamitchell@gmail.com
211,gQd5vDrHl,James Wolfe,jameswolfe@outlook.com
212,tj7G13e8G,Donald Zimmerman,donaldzimmerman@gmail.com
213,dI2BuRlRO,Darrell Jensen,darrelljensen@hotmail.com
214,X6XK7iwLg,Kelly Smith,kellysmith@hotmail.com
215,o4FfPZCfs,Tina Wright,tinawright@hotmail.com
216,GtbYEJWCN,Clinton Butler,clintonbutler@yahoo.com
217,LIIvxGAi4,Manuel Franklin,manuelfranklin@gmail.com
218,XmQOhWDnQ,Sarah Martinez,sarahmartinez@gmail.com
219,sno6arqdM,Bonnie Marshall,bonniemarshall@outlook.com
220,SkDSnXeWl,Samuel Thompson,samuelthompson@gmail.com
221,wl6ZAPtHN,James Williams,jameswilliams@outlook.com
222,pMQ27WRJz,Kyle Gray,kylegray@outlook.com
223,wzCUiMkcN,Benjamin Harris,benjaminharris@gmail.com
224,8U0fyBcnD,Austin Johnson,austinjohnson@hotmail.com
225,Z5XfeuZVv,Kelly Mason,kellymason@gmail.com
226,T5W8gWXgC,Larry Murphy,larrymurphy@gmail.com
227,SNUsULDal,Wesley Whitehead,wesleywhitehead@yahoo.com
228,tggW1Q4YH,Rachael Harris,rachaelharris@yahoo.com
229,WyOBj85yt,Jacob Harper,jacobharper@hotmail.com
230,GUAW8ZEEX,Tyrone Rogers,tyronerogers@hotmail.com
231,YFHyQQarS,Vanessa Russell,vanessarussell@hotmail.com
232,Agm2gaMuY,Charles Stevens,charlesstevens@yahoo.com
233,9NayQKJeZ,William Newton,williamnewton@gmail.com
234,xIERbzxjB,Mark Suarez,marksuarez@hotmail.com
235,5Enq4Jymw,Hayley Huffman,hayleyhuffman@gmail.com
236,7nspuQNVe,Amy Villegas,amyvillegas@yahoo.com
237,Q2zfwLM7Y,Joe Banks,joebanks@yahoo.com
238,4Z7666n7l,Glenn Howard,glennhoward@yahoo.com
239,xQRvrOkW2,Ronald Bowman,ronaldbowman@outlook.com
240,A9jH0UaUm,Tammy Anderson,tammyanderson@gmail.com
241,iIqcoeNTd,Jenny Riley,jennyriley@gmail.com
242,5PHwSfQK9,Christopher Davis,christopherdavis@yahoo.com
243,3yVMnrHT1,Rose Duke,roseduke@yahoo.com
244,tI2PQonep,Elizabeth Cox,elizabethcox@yahoo.com
245,yZ07xqpJJ,Michael Henry,michaelhenry@yahoo.com
246,3AGjbwe2M,Patricia Floyd,patriciafloyd@gmail.com
247,zkCV57cQR,Daniel Hoffman,danielhoffman@gmail.com
248,khSfCDF3T,Julie Reed,juliereed@hotmail.com
249,AiLiPgVl8,Mr. Jose Lewis,mr.joselewis@hotmail.com
250,5hPmm2JPV,Rebecca Hayes,rebeccahayes@yahoo.com
251,prIlSYn2I,Rachel Harris,rachelharris@hotmail.com
252,m9fF0MHHm,Karen Morales,karenmorales@hotmail.com
253,HgVdeVP4B,James Potter,jamespotter@yahoo.com
254,EpZhj39u7,Brandon Harper,brandonharper@gmail.com
255,INk4M3xjK,John Miller,johnmiller@gmail.com
256,MtgfaoeJe,Joshua Colon,joshuacolon@gmail.com
257,u1rZrpm1F,Dana Johnson,danajohnson@yahoo.com
258,oMePegipM,Christopher Cohen,christophercohen@hotmail.com
259,mEhiQduqN,Collin Hobbs,collinhobbs@hotmail.com
260,Q3JutVxW6,Terri Adams,terriadams@gmail.com
261,QvAlf0KeT,Chad Fleming,chadfleming@yahoo.com
262,tRmqNnGQq,Lawrence Butler,lawrencebutler@yahoo.com
263,yJsfPegtx,Joseph Howard,josephhoward@yahoo.com
264,V1yNJqwHK,Lisa Gomez,lisagomez@outlook.com
265,1q6mn3inZ,Jennifer Jimenez,jenniferjimenez@outlook.com
266,15yuqBrpY,Mark Walters,markwalters@hotmail.com
267,J0dKLrFZG,Randall Perez,randallperez@gmail.com
268,BbdddR0kw,Michael Jones,michaeljones@gmail.com
269,QBW56hVYg,Christopher Kline,christopherkline@outlook.com
270,afDiVTLNx,Edward Garcia,edwardgarcia@gmail.com
271,L8bpfRHrS,Jeff Graham,jeffgraham@gmail.com
272,sqLHAyfFD,Marie Smith,mariesmith@outlook.com
273,ZH1QXLrZL,Mary Vargas,maryvargas@hotmail.com
274,PFAnn2oZ5,Ashley Zhang,ashleyzhang@outlook.com
275,PEEMYrAdh,Benjamin Jones,benjaminjones@outlook.com
276,ER63xHNvf,Kristen English,kristenenglish@yahoo.com
277,C6Cs97VyY,Alexandria Morgan DVM,alexandriamorgandvm@yahoo.com
278,f8lIyMhZd,Eric Ortiz,ericortiz@hotmail.com
279,q29vrvBK9,Danielle Walsh,daniellewalsh@outlook.com
280,JAn6hau46,Brian Young,brianyoung@yahoo.com
281,EhXSXURQP,Antonio Weber,antonioweber@outlook.com
282,dOAQqbA9K,Amy Johnson,amyjohnson@hotmail.com
283,ZBg6zXdqm,Sandra Martinez,sandramartinez@gmail.com
284,9oikIo0ht,Caitlyn Smith,caitlynsmith@outlook.com
285,W9Qv0tpK9,Joseph Joseph,josephjoseph@hotmail.com
286,K4aiZgV88,Lisa Mejia,lisamejia@gmail.com
287,cvVt4a1Ox,Joan Lane,joanlane@gmail.com
288,TwSYh0HJZ,Maria Castillo,mariacastillo@hotmail.com
289,Eh5596LAJ,Michael Lee,michaellee@outlook.com
290,pYLmCjaqn,Evan Harris,evanharris@hotmail.com
291,Wv3h1jCF3,Nicole Walker,nicolewalker@hotmail.com
292,njMUgGm0A,Adam King,adamking@outlook.com
293,gT4jODbX8,Michelle Acevedo,michelleacevedo@outlook.com
294,vJk4rmcKm,Andrea Calderon,andreacalderon@hotmail.com
295,dTP8MfOgn,Katie Martin,katiemartin@gmail.com
296,UD87jdckW,Jordan Freeman,jordanfreeman@gmail.com
297,hbFIKRSB0,Mackenzie Jones,mackenziejones@hotmail.com
298,mPj7lcPtD,Tracy Gilbert,tracygilbert@outlook.com
299,Ab3381dqD,Sherry Serrano,sherryserrano@hotmail.com
300,Y5ks6TwCS,Matthew Summers,matthewsummers@gmail.com
301,HfGAOPsmo,Doris Serrano,dorisserrano@outlook.com
302,iIgil581w,Marissa Lopez,marissalopez@hotmail.com
303,UuXa2z8hs,Ronald Caldwell,ronaldcaldwell@hotmail.com
304,TB2ONm9k1,Larry Nelson,larrynelson@outlook.com
305,zHsCJg7o0,Blake Simmons,blakesimmons@yahoo.com
306,v6Sor9yZX,Joseph Mercado,josephmercado@gmail.com
307,wsYmtvfqS,Robert Alvarado,robertalvarado@hotmail.com
308,NBAIzm2RT,Kim Arellano,kimarellano@hotmail.com
309,SxiCcoF4w,Michael Hoffman,michaelhoffman@outlook.com
310,ZvPRLObxr,Tracey Lopez,traceylopez@yahoo.com
311,nYPo6xZM5,Riley Beasley,rileybeasley@outlook.com
312,NzUBznEmI,Christina George,christinageorge@outlook.com
313,gHRr8BWGz,Katherine Cooley MD,katherinecooleymd@gmail.com
314,TJXFvgOAC,Christopher Taylor,christophertaylor@yahoo.com
315,W1dSB1SiH,Christopher Jimenez,christopherjimenez@gmail.com
316,1jaJWuF2N,Sheila Franklin,sheilafranklin@outlook.com
317,IIeDRpOy2,Beth Young,bethyoung@yahoo.com
318,HA8YwZ24U,Joel Green,joelgreen@yahoo.com
319,uRJhptpkD,Nathan Fitzgerald,nathanfitzgerald@yahoo.com
320,JUxswY0kG,Anthony Dennis,anthonydennis@hotmail.com
321,9AiHbG56C,Megan Jensen,meganjensen@yahoo.com
322,r3dne2fCw,Eric Mcguire,ericmcguire@yahoo.com
323,XCRquBawG,William Whitehead,williamwhitehead@hotmail.com
324,DtGseN4ff,Brian Rodriguez,brianrodriguez@gmail.com
325,dzrIBEIqy,Nicole Wright,nicolewright@gmail.com
326,eaufwaDyu,Anne Harvey,anneharvey@yahoo.com
327,E9yshVSPl,Julie Washington,juliewashington@outlook.com
328,pwUxuXCe4,Miranda Sutton,mirandasutton@outlook.com
329,QetbfjepY,Laura Howard,laurahoward@hotmail.com
330,FYOUVGGWx,Heather Schwartz,heatherschwartz@gmail.com
331,029SbzCkH,Jacob Goodwin,jacobgoodwin@gmail.com
332,QN0CX1gcO,Robert West,robertwest@gmail.com
333,ubzPbu6QD,James Hamilton,jameshamilton@outlook.com
334,7mMqHMLQK,Jonathan Vargas,jonathanvargas@hotmail.com
335,2FomCt5kn,Tracy Thomas,tracythomas@gmail.com
336,VPpoQDtf9,Glenn Andrews,glennandrews@hotmail.com
337,SlPpn0uh8,Rebecca Odonnell,rebeccaodonnell@yahoo.com
338,WKVrmm6Kj,Roberta Zuniga,robertazuniga@outlook.com
339,uZlOC7aJW,Amanda Hamilton,amandahamilton@outlook.com
340,D9JRo7yw7,Douglas Huber,douglashuber@outlook.com
341,hzHBjjIFI,Tanya Rodriguez,tanyarodriguez@gmail.com
342,NSlw6CP1q,Thomas Kerr,thomaskerr@yahoo.com
343,2fuyWlPfl,Mr. Louis Gregory PhD,mr.louisgregoryphd@yahoo.com
344,vBaas2JYC,Christine Yates,christineyates@hotmail.com
345,JCwVnC0kr,Sarah Rice,sarahrice@gmail.com
346,yNiK62TEK,Kathleen Gray,kathleengray@hotmail.com
347,HazXqxbRS,Sean Livingston,seanlivingston@gmail.com
348,DmK9OwCla,Pamela Wallace,pamelawallace@hotmail.com
349,etv6158pw,Melissa Bailey,melissabailey@hotmail.com
350,dWFd5vS6j,Sara Sanders,sarasanders@hotmail.com
351,D1o39FKOv,Barbara Phillips,barbaraphillips@gmail.com
352,lHsdPT8CL,David Alexander,davidalexander@hotmail.com
353,rPgVkeB9B,Robert Cox,robertcox@outlook.com
354,v2bPft4Rc,Jessica Crawford,jessicacrawford@outlook.com
355,8GCaiBnoL,Alejandro Pena,alejandropena@hotmail.com
356,GaSmr0ohF,Alexis Anderson MD,alexisandersonmd@gmail.com
357,AhqEGSEHB,Nicholas Richardson,nicholasrichardson@outlook.com
358,p341T3lXe,Diamond Sullivan,diamondsullivan@yahoo.com
359,hObhNC8tf,James Nelson,jamesnelson@outlook.com
360,xpQRJXXvX,Kevin Warren,kevinwarren@outlook.com
361,yv4zVuooC,Jacqueline Kent,jacquelinekent@hotmail.com
362,isYrD0WSc,Nicole Carlson,nicolecarlson@hotmail.com
363,zU0cbRLm0,Nina Patel,ninapatel@hotmail.com
364,Sa1uRriUe,Victor Fernandez,victorfernandez@outlook.com
365,errFAIbly,Jason Boone,jasonboone@gmail.com
366,zx2QYChYn,Michelle Woods,michellewoods@hotmail.com
367,guqXWTuGj,William Taylor,williamtaylor@gmail.com
368,UvinP5coB,Brittany Vasquez,brittanyvasquez@yahoo.com
369,hs5MN4sKl,Shawn Walker,shawnwalker@outlook.com
370,ouD0JiXY0,Yvette Chung,yvettechung@yahoo.com
371,JhIsQn1Fe,Jeffrey Weaver,jeffreyweaver@gmail.com
372,ECy3P87jB,Tabitha Jackson,tabithajackson@yahoo.com
373,xGRXzoDPq,Billy King,billyking@outlook.com
374,dFUDyph3M,Laura Mccormick,lauramccormick@hotmail.com
375,wa4zAO6jR,Samantha Wright,samanthawright@yahoo.com
376,tdF0lI93S,Jill Wells,jillwells@outlook.com
377,QqzprEM5n,Daniel Solomon,danielsolomon@hotmail.com
378,K11Ne48R3,Erica Dorsey,ericadorsey@hotmail.com
379,5xnwK4l19,Emily Mccarty,emilymccarty@yahoo.com
380,kPltMRFI6,Brian Kaiser,briankaiser@gmail.com
381,UOX8oS5GW,Douglas Smith,douglassmith@yahoo.com
382,TiVx0gDQn,Dawn Wolf,dawnwolf@hotmail.com
383,4wKCKkK41,Kimberly Sanchez,kimberlysanchez@outlook.com
384,MIfBRbfxr,Brett Ross,brettross@outlook.com
385,dyfTdPhku,Allen Price,allenprice@gmail.com
386,GyJaa9eQp,Sarah Munoz,sarahmunoz@yahoo.com
387,duMI5PJZ7,Brittany Williams,brittanywilliams@outlook.com
388,AtYUxXcue,Alexandria Hale,alexandriahale@yahoo.com
389,UNcF8ebUm,Keith Jackson,keithjackson@yahoo.com
390,Gq15GhGz8,Joanne Palmer,joannepalmer@gmail.com
391,K7qbwoOAT,John Yu,johnyu@yahoo.com
392,BLZGpL63J,Rachel Salazar,rachelsalazar@hotmail.com
393,Djt2W1f4g,Carmen Franklin,carmenfranklin@hotmail.com
394,XPeFuxLX0,John Wolfe,johnwolfe@gmail.com
395,6kb9n8e70,Alicia Preston,aliciapreston@outlook.com
396,xVbRkvsBA,Jacqueline Lynch,jacquelinelynch@outlook.com
397,ttaIiYTOp,Erin Alvarez,erinalvarez@gmail.com
398,A1xJcEdaf,Jason Rhodes,jasonrhodes@outlook.com
399,BF47v9h9u,Eric Pratt MD,ericprattmd@hotmail.com
400,MRneYzwKc,Grant Montoya,grantmontoya@gmail.com
401,a7HhkRuDE,Ashley Wilson,ashleywilson@hotmail.com
402,GT6wJDt5w,Wanda Johnson,wandajohnson@yahoo.com
403,gleWMyksK,Thomas Schmitt,thomasschmitt@gmail.com
404,TAa5qLf56,Joseph Wood,josephwood@outlook.com
405,tLdajSAhy,Abigail Carey,abigailcarey@hotmail.com
406,VXQjwVmRT,Andrea Ortiz,andreaortiz@gmail.com
407,DEIlBd7OE,Cody Graham,codygraham@hotmail.com
408,cVBqUE66X,Richard Frye,richardfrye@hotmail.com
409,9K8wnPS7B,Damon Lee,damonlee@hotmail.com
410,T0FPuEsdB,Kendra Mcpherson,kendramcpherson@gmail.com
411,4fTvz1IWm,Robert Pratt,robertpratt@outlook.com
412,5RTVbRP38,Yolanda Graves,yolandagraves@yahoo.com
413,eUxDNyzsv,Kyle Dixon,kyledixon@gmail.com
414,ycpEHUX7c,Lisa Hernandez,lisahernandez@gmail.com
415,FxwVl5AuX,Calvin Smith,calvinsmith@gmail.com
416,tkK3hhFZV,Kimberly Jackson,kimberlyjackson@hotmail.com
417,6nxKof4ch,Troy Christian,troychristian@hotmail.com
418,pzELMMW7I,Kelly Hale,kellyhale@hotmail.com
419,uQ9MrXOWD,Kimberly Mcclain,kimberlymcclain@yahoo.com
420,tw4LvVPYA,Dana Heath,danaheath@outlook.com
421,IhVNJkoXL,Thomas Wu,thomaswu@yahoo.com
422,b8C0f9YUw,Marcus Griffin,marcusgriffin@hotmail.com
423,jfLKUwOyY,Elizabeth Lewis,elizabethlewis@gmail.com
424,HI6DfWV90,Christina Jimenez,christinajimenez@hotmail.com
425,gEs8b3cTN,Wesley Blackburn,wesleyblackburn@outlook.com
426,oiVyGWUjD,Stephanie Anderson,stephanieanderson@yahoo.com
427,UesbR2M38,Jennifer Rivera,jenniferrivera@outlook.com
428,4ly2he8GL,Jason Logan,jasonlogan@outlook.com
429,eok7UHzvP,Tyler Mccullough,tylermccullough@gmail.com
430,YbNXN1MLe,Caitlin King,caitlinking@outlook.com
431,b31oSyhiN,Dr. Regina Lopez,dr.reginalopez@gmail.com
432,uyue7Nd60,Amanda West,amandawest@hotmail.com
433,g3EkFiHbl,Pamela Morris,pamelamorris@gmail.com
434,8IBLNGoXm,Jill Clark,jillclark@yahoo.com
435,3OUmxVN67,Christina Wilson,christinawilson@outlook.com
436,mfOasSgFv,Willie Jones,williejones@gmail.com
437,5CQQCIyFG,Jonathan Williams,jonathanwilliams@yahoo.com
438,60tPpzAR0,Dawn Davis,dawndavis@outlook.com
439,evmhLnFoE,Tammy Wallace,tammywallace@hotmail.com
440,x6iobTBJW,Megan Flores,meganflores@yahoo.com
441,MPZrcd1Nm,Kelsey Walker,kelseywalker@yahoo.com
442,Q0ZkGX6uJ,Daniel Cunningham,danielcunningham@yahoo.com
443,njVApecah,Ryan Long,ryanlong@hotmail.com
444,lZPUDBm2o,Richard Murphy,richardmurphy@hotmail.com
445,kj3bTKbFo,Melanie Mcgee,melaniemcgee@outlook.com
446,Lrthd0sjG,Joseph Long,josephlong@outlook.com
447,DFzOd45E6,Cynthia Hooper,cynthiahooper@yahoo.com
448,Tqgt1NMBM,Jacob Thomas,jacobthomas@gmail.com
449,oXR74LXhg,Brenda Cox,brendacox@outlook.com
450,UOIcO3zDu,Jasmin Oliver,jasminoliver@gmail.com
451,jPE6EGDNs,Jared Nicholson,jarednicholson@outlook.com
452,43cUYuWu5,Tony Palmer,tonypalmer@yahoo.com
453,B6PvGtJFs,Thomas Higgins,thomashiggins@gmail.com
454,dfiMNlrR5,Chelsea Bates,chelseabates@outlook.com
455,c7THsEIp6,Michael Thompson,michaelthompson@outlook.com
456,t79VE7EdI,John Huffman,johnhuffman@gmail.com
457,XMrXXhH7A,Kim Hill,kimhill@hotmail.com
458,tshH3fNAt,Michael Smith,michaelsmith@hotmail.com
459,oDfHpUbLC,Lindsay Ellis,lindsayellis@hotmail.com
460,1MVbCWnTQ,Tracy Murray,tracymurray@yahoo.com
461,lvrEEiIZK,Alexandra Morris,alexandramorris@outlook.com
462,IF8KtuVOi,Kaitlyn Reyes,kaitlynreyes@gmail.com
463,AEPXIFBKm,Mr. Nicholas Green,mr.nicholasgreen@yahoo.com
464,PBtNzXfFU,Michelle Mcdonald,michellemcdonald@gmail.com
465,8B4jldYPH,Heidi Alexander,heidialexander@outlook.com
466,q1kfOHDnU,Mr. Samuel Esparza,mr.samuelesparza@yahoo.com
467,x5j9L2iXx,Keith Cooke,keithcooke@yahoo.com
468,YmRgyHCm8,Dana Velazquez,danavelazquez@outlook.com
469,ckOenvjbc,Anita Huber,anitahuber@yahoo.com
470,BboZkmVYS,Paul Thompson,paulthompson@gmail.com
471,1WFhMlxvb,Scott Hart,scotthart@outlook.com
472,pc3yvFBlm,Abigail Young,abigailyoung@hotmail.com
473,H58ZeSb6P,Trevor Reynolds,trevorreynolds@outlook.com
474,pYtTaSpYT,Kristopher Washington,kristopherwashington@yahoo.com
475,J7ZIVFhf4,Dr. Melissa Russell,dr.melissarussell@outlook.com
476,USsxIXL9k,Monica Gonzalez,monicagonzalez@outlook.com
477,Grv7MDsj8,Sarah Hickman,sarahhickman@hotmail.com
478,6ym62NGaO,Taylor Reyes,taylorreyes@outlook.com
479,CTv2lDQvq,Amanda Koch,amandakoch@hotmail.com
480,wrubOBwuE,Nathan Singh,nathansingh@hotmail.com
481,95VpcZE1m,Mr. Vincent Lewis,mr.vincentlewis@yahoo.com
482,gRB5yWITG,Jason Clark,jasonclark@gmail.com
483,x5f1tusDH,John Morales,johnmorales@yahoo.com
484,lvxs2mKmH,Pamela Boyd,pamelaboyd@yahoo.com
485,KZSpzo7Ne,Nicholas Patel,nicholaspatel@outlook.com
486,kiIsbwKnG,Joseph Vazquez,josephvazquez@hotmail.com
487,iM6AG5zMA,Rachel Mclean,rachelmclean@hotmail.com
488,ELx6hw5Ob,Victor Cunningham,victorcunningham@hotmail.com
489,CIoi4WWN5,Daniel Woods,danielwoods@gmail.com
490,TZr3xCbyL,Daniel Rodgers,danielrodgers@outlook.com
491,qKWshdzdK,Virginia Mcgee,virginiamcgee@gmail.com
492,bptg37X5i,Marie Dean,mariedean@outlook.com
493,y4DukwG4y,Nicole Mercado,nicolemercado@gmail.com
494,BG5Y1rhsI,Nathan Middleton,nathanmiddleton@outlook.com
495,ICrArmRRa,Tracey Ortiz,traceyortiz@hotmail.com
496,TJS0rxq5i,Alan Oneill,alanoneill@yahoo.com
497,e6DQX6cJa,Phillip Espinoza,phillipespinoza@gmail.com
498,702dAY1PM,Nicole Bailey,nicolebailey@yahoo.com
499,UwnSq8lc4,Nicholas Gutierrez,nicholasgutierrez@outlook.com
