,teacher_id,teacher_email,student_id
0,o42YnciARaYRvim,margotnavarro@outlook.com,JAn6hau46
1,KdbPcDfiBc6IYNU,carlabenitez@outlook.com,wl6ZAPtHN
2,P3sucqLOw5LZArr,céciledeperrier@outlook.com,9oikIo0ht
3,IdZMne2sDvGfrC0,anaïsdutecher@gmail.com,89Sxum0YQ
4,UWkdQNSZf3p18Tm,guyroche@outlook.com,C36KBnWjf
5,fCKZ97mdDwsB37X,nancyharmon@outlook.com,KZSpzo7Ne
6,DEgzDNaMmwQKwLs,victor-isaacguillot@hotmail.com,R26hY3Bsf
7,Rc3e9KU81pIqrHv,paulettebègue@yahoo.com,H58ZeSb6P
8,k8WzLCORa5bKL22,annemartelledaniel@gmail.com,Djt2W1f4g
9,9L3DKpsXWqd7HQ1,manon-valérievalette@gmail.com,prIlSYn2I
10,lPhnUcTAZG3S4dj,catherinemaillard@hotmail.com,AonsEk2iw
11,yLAictAuul349Wg,davidschmitt@hotmail.com,H58ZeSb6P
12,bT8Bj9wpRN7BRQY,lindaedwards@hotmail.com,IFpMKZG9m
13,50WQWlnp7c03ouI,jeannineparisdeboucher@hotmail.com,jPE6EGDNs
14,xZCJUUa4xGKf2rn,benoîtdeblanchet@gmail.com,2euf5Rhu0
15,cXUuYmIsJrMXF7z,emmanuellemoulin-blanc@yahoo.com,TyYkHGZeJ
16,QD5UwqiZhXyc6Vp,jasminevillanueva@gmail.com,MeentbnKG
17,woPLXn0EavJgBeS,janetwatson@hotmail.com,gE1G6sm1m
18,gUGrguXYzt8l40H,scottmiller@yahoo.com,khSfCDF3T
19,Q0gmRhhH02BWiQ8,alixrey-faure@outlook.com,m9fF0MHHm
20,mvmuTspTAr98qpY,victoirelebreton@hotmail.com,XN6ynhrbn
21,nLoJ1jqvz4VWmzb,frédériqueduimbert@hotmail.com,cvVt4a1Ox
22,ZN3fsGrjR0RWYxG,oliviethierry@outlook.com,AhqEGSEHB
23,QkGnOYafFFJarpp,gilbertdewagner@yahoo.com,DtGseN4ff
24,YmDY2VkhtLshTQK,augustincharrier@gmail.com,L8bpfRHrS
25,UDxgK8W4endOcIt,adambaldwin@gmail.com,ICrArmRRa
26,iSUCWkHEIzqJA6e,odettemasson-monnier@outlook.com,Zl6rn8PbU
27,PUFHkwEj16udb1L,alexanderfowler@gmail.com,oiVyGWUjD
28,DAWyYRDQXlVm9GE,sabinedupires@outlook.com,pMQ27WRJz
29,yi49GpgAR6XVDxK,paulbonnin@gmail.com,cVBqUE66X
30,eoALo5LWRmIHt0m,élisabethjoseph-wagner@yahoo.com,dzrIBEIqy
31,HfeCxJlA4nzG8MJ,océaneduranddumartineau@outlook.com,dzrIBEIqy
32,dTdsp0ww5c6n5uB,jameswilliamson@yahoo.com,AtYUxXcue
33,XwM3pFD6W1i19SE,sylvieroux@gmail.com,iv0UQvTb7
34,vmKR2CexwJwdQbT,emmanuelpeltierdeguillou@yahoo.com,7nspuQNVe
35,PRyODG0CpvTGAfP,virginiemartinsdublin@outlook.com,B9xfnKOY7
36,mecooxV5XEuiimg,mathildegillet@outlook.com,dWBWNWz0O
37,JZmynkXsMWqUSJO,édouardklein@yahoo.com,UNcF8ebUm
38,UP7mJXPTcNFPg8s,sherylmendez@gmail.com,wl6ZAPtHN
39,YzCdWbzAqsjujmz,louisjacquetlemartineau@yahoo.com,etv6158pw
40,kaQnwdZOLe38pSd,rogertecher@gmail.com,Obq1qseGa
41,HWo0nuSDWIBouyn,charlottechrétiendeladupuy@gmail.com,K4aiZgV88
42,03kuc2IlQeZXUqC,jacquescamus@hotmail.com,gg2dwR5QL
43,n7W3tZqBwNlY5xV,daniellelanglois@outlook.com,Z2vgHLHOK
44,XyqT34Ww6WBD77S,stephenhuang@hotmail.com,6QrovSTqf
45,pEC7iDIVJbz1Y5G,suzannedijouxdebonnet@yahoo.com,ckOenvjbc
46,BSergFga9Ke1nLR,thierrypages@gmail.com,gEs8b3cTN
47,eEMosI9dyupUaer,joanroberts@yahoo.com,uyue7Nd60
48,cPYsackxIArQ4HE,adampeterson@hotmail.com,1MVbCWnTQ
49,6JJt9aDV0LIe0As,édouard-alphonsemorin@gmail.com,3AQ7S3CTX
50,8EcCvM8ZrLgrsLk,andréallard@yahoo.com,uQ4RQP1xe
51,ZOrRzWCH6FXW5IU,charlesparent@yahoo.com,6KL04txdV
52,beAEmHE1DKK5LVr,philippeléger@gmail.com,HI6DfWV90
53,lE3niZurjAWiXk8,matthieuvincent@outlook.com,yv4zVuooC
54,zH7ci2p4huXsJEe,olivierfrançois@hotmail.com,jPE6EGDNs
55,nO950sN3Qa7Ae59,melissacooper@outlook.com,qUSpQQor5
56,URz7hgp92sM6Khx,arthurlelemaître@gmail.com,NUxvwMVAH
57,KYDhbmk7N1cAq2i,nicholaskirby@hotmail.com,zHsCJg7o0
58,ctjKqIPlI1izebO,antoinelévydeladijoux@hotmail.com,uVQSSwrDf
59,ojGiIuhQcW7CTNJ,ashleystone@outlook.com,Gq15GhGz8
60,C7OXP8bz1QMb0JL,raymondguichard@gmail.com,SxiCcoF4w
61,3JFIHD9lnZZTQjH,guyberger@yahoo.com,EpZhj39u7
62,qSwpxJ4RUODxp2g,françoisfabre@yahoo.com,tdF0lI93S
63,4PfkprJ1E1igIoZ,patriciabazin@hotmail.com,F9EzH7Iim
64,IKU4GaJA0yux5ju,robertjohnson@outlook.com,B6PvGtJFs
65,GXm4OQEcrJbNnpU,kathrynrodriguez@hotmail.com,R2LZfOiXT
66,xRfhNt0YE21eCwf,micheldeleclercq@hotmail.com,mn1mg3I0V
67,7IwnZoZFs6u2op5,corinnemasse@gmail.com,jfLKUwOyY
68,b8DK6uoZpA9Qbek,jeanlecomte-parent@yahoo.com,idksoERbL
69,AiwZXzGIm7cqqDY,deniselucas@yahoo.com,IN4S97gBd
70,pykR0u4CgoYHmgM,brendarobertson@hotmail.com,r3dne2fCw
71,QZgLG1sxNihq6XC,huguescousin@gmail.com,TQjQcdT8o
72,RpQj4QhjLT11uO2,célinagay@hotmail.com,6kb9n8e70
73,XphS1iQqMjv4dxx,corypatterson@outlook.com,SxiCcoF4w
74,a812aNEj19kwvJ1,anneperon@gmail.com,mn1mg3I0V
75,aoT97LtZBpkbeUb,ashleyzamora@yahoo.com,iM6AG5zMA
76,bb9KxE71KDyrWRC,matthewpatel@yahoo.com,GEvzNKAqU
77,3AHCZsaT7ONPiLq,jérômeallain-ruiz@hotmail.com,SkDSnXeWl
78,C4kPOKwz4Uk67w4,ericasaunders@gmail.com,evmhLnFoE
79,Al0Pq0v8kQmZlyD,lindasharp@outlook.com,qUSpQQor5
80,yUGvUkPFaCbkz8K,dawnsullivan@outlook.com,eaufwaDyu
81,BLASmy6om7wWFWq,bertrandfernandes-prévost@outlook.com,ER63xHNvf
82,pJ1YGNqtnYtuxGo,guyferreira@hotmail.com,NUxvwMVAH
83,6LzsPmrWI3jk2H8,daniellelabbé@gmail.com,DFzOd45E6
84,ZohM8VSLtEqUl8s,thérèsechauveau@gmail.com,9oikIo0ht
85,QGReQM0VWjLv8y7,veronicabarrett@gmail.com,oXR74LXhg
86,3V42CV1J9ItJvNA,aimérousset@gmail.com,sno6arqdM
87,9Xd8JZFHwrDg5GY,antoinettearnaud@outlook.com,7nspuQNVe
88,G3TKZ2UhNAkAuIF,agnèspelletier@gmail.com,W9Qv0tpK9
89,kf9lX8gUw5H6wUC,julieleconte@yahoo.com,Obq1qseGa
90,9mltYNMVjmiaiGC,franckdelahoareau@gmail.com,ne3ZLUw3t
91,LeKGlaEdkvop5oT,ericmathis@outlook.com,TJXFvgOAC
92,xnHP5b6JNM3wgI5,élisabethmichel@gmail.com,TAa5qLf56
93,8WcYFfbHWhb9VcI,jeanrousseau@yahoo.com,mvvVbGurW
94,JwKLRhXwnjun1LJ,éléonoredelalejeune@yahoo.com,zpTPukZpC
95,j7kp3Iq27b9yiQ1,julielesage@hotmail.com,SkDSnXeWl
96,0zxsqCca4dZfetT,andréefischer@yahoo.com,YbNXN1MLe
97,W6hE98l6tKTZhOJ,margueriteauger@gmail.com,cK1jyTASO
98,3zzKEt9khvjGVUV,auréliebouvetdeladevaux@gmail.com,IFpMKZG9m
99,W8lg30xFaAsP81s,gillesguillaume@hotmail.com,mEhiQduqN
100,US4SRKwTI7FzLau,yvesperrotlenormand@hotmail.com,oiVyGWUjD
101,FPHf9lqBNdYkbHg,nathanieldiaz@yahoo.com,tLdajSAhy
102,FVRmJgIopojBWW1,antoineloiseau@hotmail.com,63GEjEMGK
103,snpaJyESwwjg6tY,sharonowens@gmail.com,AEPXIFBKm
104,5KtdebD0NNE2br3,frédériquecosta@yahoo.com,SkDSnXeWl
105,DBJAQZqezQITixJ,brandihernandez@hotmail.com,JAn6hau46
106,HycWqdJ39d0eQ66,mikaylaarmstrong@hotmail.com,f8lIyMhZd
107,R36F0CCIp83fVmN,dylanfloyd@outlook.com,uyue7Nd60
108,5yoVwUKVCjLu0hz,aiméerossi@hotmail.com,FxwVl5AuX
109,rMIU2WQ4HCrWZsV,georgesclerc@gmail.com,F9EzH7Iim
110,HzZJ40bCotTpY2k,charlottecosta@yahoo.com,hvLtE3m2Q
111,wq06J54z6itSAOq,joshuaalexander@gmail.com,JhIsQn1Fe
112,7x7mj9oqksF86zZ,bernardguilbert@outlook.com,ERcWUtZpo
113,njiRxc10WDXPRrw,michaelramos@outlook.com,UNcF8ebUm
114,P5WcxMEz69JMa3t,alfredrolland@yahoo.com,HI6DfWV90
115,dFSdNTyxdVU4Qoe,cynthiabrooks@outlook.com,4ly2he8GL
116,lXigYfBRsuK2ZI8,carolinepierre@outlook.com,prIlSYn2I
117,vOTg9x3Ynmpbqeq,adélaïdeblondel@outlook.com,uyue7Nd60
118,P0rZ4pg8XZeGhDb,jeannine-catherinewagner@outlook.com,wa4zAO6jR
119,Qz1FE1tKGZlBlsa,bryannewman@hotmail.com,ELx6hw5Ob
120,F7AicjKEenK0m5R,antoinettedelalenoir@outlook.com,702dAY1PM
121,363EHLut11ieiqr,luceleduc@gmail.com,GT6wJDt5w
122,jwtt9MzouRm8YHy,christinesanchez@hotmail.com,KZSpzo7Ne
123,ORXZBlwzbAYScdd,marieroyer@outlook.com,tw4LvVPYA
124,zYNbV0JG8D7Trym,tylerstevens@yahoo.com,U4MzSdGoA
125,wytP6BtrxAnhniV,raymondmartin@gmail.com,gQd5vDrHl
126,lGexECVFFNlftq8,shelbynovak@hotmail.com,NUxvwMVAH
127,R1IUCUcUb4cVekM,ronaldpena@hotmail.com,hvLtE3m2Q
128,U8CGrf4FD9WCGwu,éléonorecouturier@outlook.com,ow6pEraOu
129,HA5Z3FqG6bxFgrh,elizabethramos@gmail.com,5hPmm2JPV
130,mojM5CsLwhGWPal,lisascott@hotmail.com,x5f1tusDH
131,mhPCuhHP0FWq20i,emmanuellecomte@hotmail.com,iIqcoeNTd
132,a0mq5StgNN3yL8a,laetitiarousseau@outlook.com,JCwVnC0kr
133,X3yZWAg38gPF2b8,gilleslagarde@outlook.com,ErOwFp6DO
134,R2mfxR3rIh0r6FD,margaret-thérèsegiraud@outlook.com,tI2PQonep
135,B1NGcK2TEhULyoz,corinnelacombedudenis@hotmail.com,2VuoObNyU
136,RUdmili4R0I5YlV,michaelcharles@outlook.com,dzrIBEIqy
137,wgn5QdkGVCSM9ji,carolinelucas@outlook.com,GtbYEJWCN
138,DXrnkuXoa0pSf3r,margauxmasse@hotmail.com,l6xqxuR8r
139,uVMkmOlMUMOHDqU,andrewanderson@gmail.com,MeentbnKG
140,gSp0Civ9oRYTUkc,alexandrediallo@hotmail.com,rapEN7igp
141,efXcnbysXxMUSez,ambermartinez@hotmail.com,NzUBznEmI
142,svDKtMVuUQO7b5Q,jeanparis@yahoo.com,C36KBnWjf
143,a19tWV78qZYajde,lancebaker@outlook.com,y4DukwG4y
144,ueAF4BqwKYRPiqu,benjamin-tristangeorges@outlook.com,d7cgnDY23
145,oJYrlXptb68X9gs,louisebarre@yahoo.com,kj3bTKbFo
146,fvVclplivWcF7VN,dr.vanessageorge@hotmail.com,UNcF8ebUm
147,TpbFM1ByuxRHr7M,gérardmerle@gmail.com,m9fF0MHHm
148,AyhcQBU8pV1a5My,andré-williamalbert@outlook.com,3AGjbwe2M
149,ygaDv7EzDubRk3s,annetorres@yahoo.com,nH8TezOoH
150,9bIIMdrfI2fjPM5,théophilemaillard@outlook.com,JhIsQn1Fe
151,UqniMEWcIaY9BxQ,gabriellelesalmon@hotmail.com,MeentbnKG
152,WOH6WPNpMiWGq0d,marcellefernandes@gmail.com,60tPpzAR0
153,3YEsmBJ4lfuFyjb,thérèseferrand@gmail.com,3AGjbwe2M
154,Ulo61ZmtgZdtrhY,valentinelaine@hotmail.com,iM6AG5zMA
155,aocREC8LlXMOTyp,julievincent@hotmail.com,uVQSSwrDf
156,Fe5EBL0jUElBscS,danielleblanc@yahoo.com,QBW56hVYg
157,Mj9tcBZxgolJE52,heathergarcia@hotmail.com,Wv3h1jCF3
158,AYx0v1yvRQqo2cs,zoepark@gmail.com,3Kr91H5e2
159,AziQIaNW1RTycyh,hélènedebonneau@hotmail.com,o4FfPZCfs
160,GkGsYRtymSrzcx0,kathleenmiller@yahoo.com,aKPFa9Lrb
161,m0Z7e35HOvCKNtq,philippecordier@outlook.com,Y5ks6TwCS
162,buKUj2t8qrzhVGb,adrienmoulin@gmail.com,rPgVkeB9B
163,wv6mxj0yED7tZ6r,scottlewis@yahoo.com,ShF1Qb3aH
164,Wp4hxriK1IRUqNi,josephbrunel@outlook.com,hJy4ERT48
165,pzKcRTG60kihdkp,mikejohnson@outlook.com,pzELMMW7I
166,T7GNJYH9a4741Lp,noémidelambert@yahoo.com,DmK9OwCla
167,uqyJr0a9LwY2smf,courtneysullivan@yahoo.com,b8C0f9YUw
168,Ep9G3pF40upMnY9,aaronacevedo@hotmail.com,9LF6dE92i
169,ndInr0AIVttFkFi,candicenelson@outlook.com,ogRwXqvgc
170,qIWdU3HLizJFS4Y,grégoiredelacombe@gmail.com,1f8E6Ld2j
171,rfM1yXCaBxNwelh,alphonsedulebon@hotmail.com,dWBWNWz0O
172,ERA2oVtZWFAPfMc,catherine-dorothéeblondel@gmail.com,idksoERbL
173,OvfhH2XX59DzN79,océanereynauddelaberthelot@yahoo.com,MIfBRbfxr
174,PEjHgcihPFybFb1,angelawilliams@yahoo.com,TZr3xCbyL
175,LaTfycSRe1qBp1U,noémilemarchand@yahoo.com,5xnwK4l19
176,Qm5wrtipDKK5IE6,patriciasmith@hotmail.com,10GMTo1X5
177,UYdpBFP3DLbDfdE,sheilasteele@hotmail.com,C36KBnWjf
178,UyXq55RGqbFpNwe,jeandurand@hotmail.com,125nQTpeV
179,INmx9cJKVGRUYOa,benjamindupuy@gmail.com,029SbzCkH
180,YCdky2WUGh8vg6U,melissaochoa@hotmail.com,yNiK62TEK
181,W56ULuUr9ZUySVq,garymckee@outlook.com,gleWMyksK
182,tNUlZzPcz6HiHjj,pierrealbert@gmail.com,pUb7oZoK1
183,fyKxCYcMN2pMWVT,noémicostedehamel@gmail.com,xD5uRpVqK
184,LEn0MZXKtsIXaqy,émilemalletdugarnier@yahoo.com,9LF6dE92i
185,RxiWqSxpUWhlUj9,margaudmorvan@gmail.com,687dwEu2y
186,YYh1YBsA1EQ8anB,stéphanieguillet@outlook.com,pzELMMW7I
187,HDNFEpItWIZ69JU,edwinsaunders@gmail.com,PVcToFYaj
188,khHjpvsmCjK1MAS,garyreyes@outlook.com,1NliyVP33
189,kq1WTn4GsscppHz,laurenpowers@yahoo.com,CTv2lDQvq
190,pSBPMqnBM3OVVqe,timothyrobinson@outlook.com,Ldq3o77M5
191,pnFrxuw4a1oc2nf,moniqueboyer@outlook.com,zx2QYChYn
192,81sLMIrZ4hlpihK,judybrooks@outlook.com,lno0uhwsv
193,cS2eu1ELPfrOnrI,tristanbarre@yahoo.com,QBW56hVYg
194,S9QegUZfHp3ZTQ0,lucedudiaz@outlook.com,cShhUIz0p
195,4XZltaDA5Lt7AYl,scottwilson@gmail.com,jfLKUwOyY
196,PgSGleevLrRoGXU,danmcintyre@yahoo.com,XaK3ZRxpb
197,xvUlXlW5wdRTx50,henriboulanger@gmail.com,ZBg6zXdqm
198,pE11KABKvzEiUG8,davidfrancis@hotmail.com,WMnaw7AFH
199,M4mzVi49HdIXIpB,kimberlyfox@outlook.com,qUSpQQor5
200,x4qdUD9cmxmwn2e,luciedeantoine@gmail.com,h9EQCeo91
201,k7xIwRZz3oV6Lp4,marinelegros@hotmail.com,axNHL0lr9
202,HkuRqMgA7Uv3TJP,jorgehart@gmail.com,wPHT88QA1
203,GLMmFNYVqY2zW4D,frédéricmartineau@hotmail.com,41rurVsgp
204,NceOxyDpaOBsswr,anastasieneveu@gmail.com,dOAQqbA9K
205,6VWxK6uZS3uEQ4V,charles-édouardvalentin@outlook.com,CTv2lDQvq
206,J9kTam6Top144Lh,suzannevalentin@hotmail.com,MvKT3kt69
207,S1VSfEFHmYo32Ll,christiane-auréliemercier@gmail.com,4wKCKkK41
208,xnpec5IDWmv8fkC,katelynscott@yahoo.com,zpTPukZpC
209,zcImu2DfAEKx8LG,sophiegrégoire@hotmail.com,gHRr8BWGz
210,N99stF5q0genxHP,richarddelasanchez@outlook.com,TqCWS3JeJ
211,9PDcCfvBpPTCgKi,gilbertbesnard@hotmail.com,MJdDnGHdm
212,JSm4bb2Cov4StBF,virginiepicard@yahoo.com,idksoERbL
213,4Bhfml0UAoao7eM,gérarddumontdejacquet@yahoo.com,vntUAUNzI
214,i7AiHwxdTTrx0nn,ashleystephens@outlook.com,pzELMMW7I
215,ue1cUO9difG7G0o,madeleinebriand@yahoo.com,QjruwVQAY
216,30cIpxw4J1cJmbc,marinedevaux@yahoo.com,hvLtE3m2Q
217,4dNTDo1X2RZucM9,mariefaivre@gmail.com,5u9qZViFb
218,Mka7HOsOBjuVIoR,stéphane-théodoregeorges@yahoo.com,HazXqxbRS
219,KfmMJGqvS6UE2tF,grégoiregillet@gmail.com,6kb9n8e70
220,zgsUbwHJU2VpWBJ,tiffanymills@outlook.com,IN4S97gBd
221,J893SiMGWrc5go4,robertlawson@outlook.com,cvVt4a1Ox
222,6GJwI4hj0FPUF3z,lucyparis-guillon@outlook.com,7f6GWjwt1
223,ZsJag0jHsUoGYdK,alexandriadijoux@gmail.com,khSfCDF3T
224,NIIaAXoy1qL5pAY,marcelcarre@outlook.com,LwLpJaP05
225,HotGmsMSESVa1iV,lindaperry@yahoo.com,K11Ne48R3
226,h2KFiB6KZ5Ye9ZP,augustesimonduimbert@yahoo.com,iYp7THDb6
227,QzACuZk149V07IX,thomasdubrun@yahoo.com,pwUxuXCe4
228,jCvvokX19yUFFDX,chriswood@outlook.com,dOAQqbA9K
229,i9rcYwPboaPXxnt,honoréaubert@gmail.com,e6DQX6cJa
230,tcrWZ8RTAxdftSD,vickiesmith@yahoo.com,8NzMITcJJ
231,WdMLX5TyOtBUrQM,inèsmillet@yahoo.com,rapEN7igp
232,ogI8Klkt1o1k6wQ,huguesdelahaye@hotmail.com,tI2PQonep
233,X1gsOzAer1ZudCR,julielévy-monnier@gmail.com,IhVNJkoXL
234,nNHGghrGFziwA2P,coletteruiz@yahoo.com,ISuNJBire
235,pI7wix4NoyotM98,ryanmorales@gmail.com,nVygCxwGH
236,xS4pXy13sifLmtO,jasonduffy@outlook.com,aht1nMLDm
237,YHeZ1kfoem6LLBF,adriennelabbé@gmail.com,jilttDOdI
238,szHdZ4v23Ifxm8Z,stéphanielombard-delorme@yahoo.com,sqLHAyfFD
239,6J28it4eDwX2oAK,dominique-marieweber@gmail.com,ogRwXqvgc
240,WNaKVlE065xRPce,alexandriaarnaud@yahoo.com,TyYkHGZeJ
241,kxe1tW2VZ6ZLdx0,adèlededuhamel@gmail.com,2euf5Rhu0
242,b5a9D7pltoXAM9C,célinelemaître@outlook.com,GFoeMHvH1
243,BGNzJLY1AtttKVZ,curtisanderson@gmail.com,ISuNJBire
244,kEyNdks6kRTbBjF,kimberlybrown@gmail.com,nUwfQZ699
245,Kf5nyBHACtaqQQU,josephvalette@outlook.com,WyOBj85yt
246,47bv4JkSMertqsN,audreybecker@yahoo.com,c7THsEIp6
247,cze1iPQBp0S5Snx,françoismeyer@outlook.com,IFpMKZG9m
248,MsVLGn7V3Qr3b6W,marthecollin@hotmail.com,A9jH0UaUm
249,18Xf9oiBCNbpLgi,gabrielbenoit@hotmail.com,4MtGYq5Mc
250,u4xTqi7o6e2IiGN,margotlangloisduvallet@yahoo.com,QQzIns4R0
251,vvP02vkbfDftuEb,benoît-alexandrecourtois@outlook.com,A1xJcEdaf
252,Fur0gYRPt5mfGAU,robertcollins@gmail.com,0zyxTXTKK
253,C2FCByJLSH9SA6l,philippeklein@yahoo.com,nYPo6xZM5
254,WSJt40EeOuGRu8A,katelyndavis@hotmail.com,wa4zAO6jR
255,hoBic2yOjNyMKwS,augusteguillot-ledoux@hotmail.com,9LF6dE92i
256,DCMJIKrw2wGiHKP,brendafitzgerald@yahoo.com,gRB5yWITG
257,9u0MlkoIY3Dew1k,rachelmendez@gmail.com,Gq15GhGz8
258,b1Fvf04e6cgfql0,thomaswilliams@outlook.com,uyue7Nd60
259,NBwfcSRlIZVxsNp,josephdumarty@gmail.com,aKPFa9Lrb
260,GQMBhXa5u1Qs2OB,lucasdublanchard@hotmail.com,tkK3hhFZV
261,FlqH0w0bXw2wYB2,auroredelabonnet@hotmail.com,nH8TezOoH
262,ykwtDemmzivTQnA,adélaïdetanguy@outlook.com,R0HO1ijNt
263,s7Q5BVCkG53hPnf,cameronjones@yahoo.com,IhVNJkoXL
264,jC9l1Ca34oq0vOh,anaïsgay-gilbert@hotmail.com,mfOasSgFv
265,2qrK1NuJ2qZvNGJ,latoyawright@outlook.com,nUwfQZ699
266,jj4jWPRCDZd3Y3U,margot-antoinettelegall@hotmail.com,TB2ONm9k1
267,MkNmZqe1W2NGMTM,françoishubert@outlook.com,EQ4GTVZbo
268,w7kJMH2wc4ebM2K,valérieallain@hotmail.com,fzMWslIc5
269,m8bJ5I88NyzsqYk,gabrieljacques@yahoo.com,QqzprEM5n
270,8xWdMGfc9JeWVb7,pamelagoodwin@gmail.com,zkCV57cQR
271,JzI706r7aSw6HHO,jérômelesage@gmail.com,wPHT88QA1
272,ILZ422gFiEtwK7L,huguescordier@yahoo.com,FdTkSVB3D
273,bnx00lXm55NbA9d,renéseguindufrançois@outlook.com,tshH3fNAt
274,F56Eud2b0xOZwUd,ronaldgarcia@hotmail.com,g3EkFiHbl
275,k1YdiUZjkpCmn70,dorothéesanchez@outlook.com,xW7D8lvWB
276,EcDcxLpK4siUJbm,elizabethlittle@outlook.com,K11Ne48R3
277,CGSiETGatD3CDhC,marysevallet@yahoo.com,TwSYh0HJZ
278,OYn6ACDzhpvVF9i,aiméperon@hotmail.com,UOX8oS5GW
279,VGR2myliXAvTIhM,ryanfernandez@outlook.com,60tPpzAR0
280,qTNo4KflwWeVZVC,henriwagner@yahoo.com,EQ4GTVZbo
281,xTe5uZ7fdRNld2W,christopherford@yahoo.com,yycj2FYJc
282,wKrDYw1ltzCEt2x,frédéricmacedeblanc@gmail.com,NzUBznEmI
283,2xJpVdnUg6dzKBV,deniselemonnier@yahoo.com,PkbzhRT9j
284,gYqJiiHDFIanvdT,mr.spencerjohnson@hotmail.com,wzCUiMkcN
285,NWkU9h01UOk7YEX,stephengregory@yahoo.com,mfOasSgFv
286,jbaAbEoK6WvUznd,antoinefouquet@gmail.com,zx2QYChYn
287,UzavVUU2DpQUjFt,tylergarrett@yahoo.com,kheogFGth
288,NcchlIB3w39bm0Z,suzannebègue-andre@outlook.com,BbdddR0kw
289,y4RimrykETff8Ec,gérard-émilelecomte@gmail.com,tLdajSAhy
290,uefaS3Ood3AhZ2w,margotseguin@yahoo.com,uQ9MrXOWD
291,JeAgr2qAy2bE2Q6,laurentdelmaslevalentin@outlook.com,Obq1qseGa
292,g6dhbia26W6hCVi,henriette-agathejoly@gmail.com,xGRXzoDPq
293,u9oBfKRyjGkBGP2,marcelwagner-payet@gmail.com,guqXWTuGj
294,as4ybPxw8VvHCWX,marcelledebouchet@hotmail.com,uRJhptpkD
295,ZdZC1eR08n9hDp5,noémileclerc@hotmail.com,NhO9F7NnL
296,AbgiVODmfc0nAIQ,frédéric-édouardblanc@outlook.com,Q2zfwLM7Y
297,tW2HUdrS1AgAegN,meganberg@yahoo.com,QvAlf0KeT
298,WGWPYuJub5MPymZ,simonemillet@outlook.com,DtGseN4ff
299,JPpkcoYPaNevanM,jamesbrewer@outlook.com,nznGMRdWi
300,51vTvJaOOKl6Uez,williamdelahamel@hotmail.com,yZ07xqpJJ
301,NjwNNakgjMJSTZi,johnjones@yahoo.com,LIIvxGAi4
302,XSLBWagZcuN9qHS,sophiesalmon@hotmail.com,J7ZIVFhf4
303,MuK7LywrSGfW6J8,timothyross@yahoo.com,teiaSPOtC
304,t0iuTmnzZDCOW5T,xavier-philippemichaud@hotmail.com,pc3yvFBlm
305,fuNgw1xFaTm3Eiz,denislesage@hotmail.com,9LF6dE92i
306,0iaGpthS0l8KnwD,jérômepotier@outlook.com,QQzIns4R0
307,JC9TYR67ueErhvq,gilberthubertduhernandez@yahoo.com,Z2vgHLHOK
308,0xAPc3S0MdPBclD,martinbecker@yahoo.com,BF47v9h9u
309,vX4dy0RIeNm3HCa,amydavis@outlook.com,hvLtE3m2Q
310,pE3dpDfi8ytklqb,laurebrunet-blin@yahoo.com,gEs8b3cTN
311,Q78rRMFWomSRNza,raymondlopez@yahoo.com,SrYBou0k4
312,XQnKj6i2qBI3xon,édouardfoucher-reynaud@outlook.com,gEs8b3cTN
313,dvZMpk0Uaow7WIM,mariawang@outlook.com,OPJUJtczg
314,zNVo0LgT3Asyb0k,marieroussel-blondel@gmail.com,uRJhptpkD
315,6bx3Z83TKanf0V2,paulmurphy@outlook.com,gHRr8BWGz
316,HxH4E51RP7h0kdd,chadpowell@hotmail.com,4MtGYq5Mc
317,c8na5ElW4tF1cCz,philippeverdier@hotmail.com,DFzOd45E6
318,UXVzZuNfellWKK9,vincentknapp@outlook.com,R0HO1ijNt
319,oOda8jRDGPgT8UG,denisleconte@hotmail.com,U4MzSdGoA
320,u7N8CRHs9tp5QFY,timothéemaillard@yahoo.com,NhO9F7NnL
321,fBBZah5HdeFxrUA,sébastienclerc@hotmail.com,PVcToFYaj
322,y9lTeUymD66hi37,émiliepelletier@yahoo.com,wzCUiMkcN
323,jc9tJMDCu7UDjyT,johningram@yahoo.com,4P6Y1Maxp
324,dl9CFmyjKMi9XfN,alix-constancemonnier@hotmail.com,gg2dwR5QL
325,npQYwewSScVsumZ,sébastiensanchez@gmail.com,Sa1uRriUe
326,bmLfodMnkuTEvlC,émilebouchet@outlook.com,QetbfjepY
327,4EFgopVNLrPetyJ,susanharris@hotmail.com,XCRquBawG
328,EHv3PQYMlnOebxT,éricrocher@yahoo.com,nYPo6xZM5
329,0nwpZijWmsvUt0z,coryshelton@yahoo.com,cShhUIz0p
330,L9GaS7USDPfX8UE,daniellaine-paul@outlook.com,KZSpzo7Ne
331,SvxMcRxJNPksAR1,katherineallen@hotmail.com,zWsbR8J7n
332,Acnq24ri1AlsSqj,alfreddubailly@gmail.com,PEEMYrAdh
333,0A5gi7ppYM8c2SQ,richardmasse@outlook.com,uQ4RQP1xe
334,j8SI5HzyfWlbnn1,stevenmadden@gmail.com,Dwwk2cdGd
335,WKe8FaGjmTutacR,josephdennis@outlook.com,gg2dwR5QL
336,v4E8a9gINJDGEvC,heatherstevens@outlook.com,anedX1v4P
337,1nmXPAjCfV2VbUv,marianneblanc@outlook.com,C36KBnWjf
338,YNiH4EvmCymAX5S,coreyowen@hotmail.com,NzUBznEmI
339,oC4cJ8Ue6cDHjdd,laurencecordier@outlook.com,VPpoQDtf9
340,GbCxauesYMjV6TO,andréemeyer@yahoo.com,UNcF8ebUm
341,8y5LQqrzvFpesAY,sophiedemary@outlook.com,x6iobTBJW
342,W9xfD5lmzcPWifZ,corinnehamel@hotmail.com,n9gfjuTi7
343,6tsXgv71GGxPOiJ,julesdebarthelemy@yahoo.com,gg2dwR5QL
344,7kbVdeDqWaELHEt,dwaynedavis@gmail.com,1f8E6Ld2j
345,9Op3rW0wwL1wT5G,isabelle-genevièvelefort@yahoo.com,anedX1v4P
346,rJX76g7Jpsn2DbH,richardgeorges@yahoo.com,x5j9L2iXx
347,c9FFVxDP4nGu7yl,marianneperon@yahoo.com,O1hVAqq3s
348,F4MUoyT0Ha5eYfi,virginielemaillot@yahoo.com,60tPpzAR0
349,WC0Kk80EV97Vv5M,simoneledufour@gmail.com,C36KBnWjf
350,TKcvqgixr4HjciF,josetteschneider@yahoo.com,6Nie3lYUi
351,t8sASDJA6JtylVh,andréadamdeladossantos@yahoo.com,dI2BuRlRO
352,g8aRkUsAfujYVch,rolandbonnin-boutin@gmail.com,TxevXRNXt
353,Ft53OYzoFaJKthI,odettecohen-bonnet@hotmail.com,A9jH0UaUm
354,VgAA2XQd7ib7bjU,mr.richardhanson@yahoo.com,TyYkHGZeJ
355,fIoI5ajaQV0CVys,kathrynwhite@hotmail.com,2fuyWlPfl
356,cbruJ09tKT3Gf8u,gérardletellier@yahoo.com,xIERbzxjB
357,S1aiTlf7M2TTlvL,michelelawrence@yahoo.com,5xnwK4l19
358,CHuUXEFHnml62qR,noémiparent@outlook.com,vJk4rmcKm
359,fdL247el9BuDRIg,mariannejulien@outlook.com,WyOBj85yt
360,sehT7Be8yR29f8u,triciajohnson@gmail.com,hQ5SEnDuN
361,El3aMPD2xrgkwkv,franck-jeanlesage@hotmail.com,7342B4Unt
362,XsJXJzf4jY40OI0,hortense-madeleinepichon@gmail.com,BboZkmVYS
363,kAHk30h1VDChM4l,gérardribeiro@yahoo.com,5xnwK4l19
364,sgCxRZfdrAflbvI,éléonorerobindelamunoz@gmail.com,5hPmm2JPV
365,Nh0NeRtjOEVgcO6,kevinwells@gmail.com,wsYmtvfqS
366,r6P18ISN0m2q74U,martinebrun@hotmail.com,zWsbR8J7n
367,lS9avQMMxWJNZL2,élisedeschamps@hotmail.com,F9EzH7Iim
368,3d1bEafKlhIlT25,timothéechevalier@gmail.com,dOAQqbA9K
369,JPvJ6kRyXBBKEVz,adrienmarteldelaloiseau@yahoo.com,5raWzhtCN
370,t6zVdkqwTHx2xjA,margotjourdan@hotmail.com,YFHyQQarS
371,oxl5jMqgtD0DqTx,dorothéebrunel@hotmail.com,UvinP5coB
372,3k8f6vbnx22c3ue,ericcrawford@gmail.com,FY34y8Z8O
373,EUfPyyXQafjOt65,lorrainebouchetdepons@gmail.com,x5f1tusDH
374,iCfPuwl0x0QFzTj,toddjacksoniii@hotmail.com,IhVNJkoXL
375,y4m2N9AqxUsNcpt,georgegutierrez@outlook.com,AtYUxXcue
376,CtO0DsmwspkxwFd,céciledelaledoux@outlook.com,AhqEGSEHB
377,8t7iwzdXrOTQCf4,jamesward@outlook.com,jiS4vZwIh
378,Y32pQkZzqSjRsZ2,alexandre-édouardmorin@yahoo.com,xNY0lFnhX
379,H7173YoCcRRUseJ,vincentperez@gmail.com,gE1G6sm1m
380,SJs2icU3Zcihplg,amyatkinson@gmail.com,dfiMNlrR5
381,Z3hw7F2mONMysvV,lucasgaudin@yahoo.com,zxQDyB4gB
382,U1v2qWaT7h6naOk,gabriellegosselin@hotmail.com,dG1u4ZGf7
383,MdjXKHNQwbETwsG,johnlynch@hotmail.com,x6iobTBJW
384,ZXSh2lcBHzp2SdJ,thibaultriou@yahoo.com,XPeFuxLX0
385,17CgOzI8vlWxpXM,marysepottierdefaure@hotmail.com,Hhi5jeO1Q
386,G9dJ15J0MizcsiE,gabriellerivière@outlook.com,7pS7gSNq6
387,GyebEaFwC05jGQK,zacharie-emmanuelnormand@yahoo.com,OPJUJtczg
388,TFlKTAU8DE4siQG,thibaultbecker@outlook.com,R2LZfOiXT
389,IC1JEqqfWXQl5qB,isaacnguyen@hotmail.com,tLdajSAhy
390,O0mBAQtxsiVnRws,véroniquemarchanddemorel@gmail.com,sno6arqdM
391,Hmi9hmik9I6VsiI,astrid-paulinevalette@outlook.com,f8lIyMhZd
392,CF07KVCB6U4zQpP,josephyoung@gmail.com,TqCWS3JeJ
393,TszeMQWMcd31ayn,jenniferwilliams@gmail.com,QN0CX1gcO
394,4sT2a3VBYJDWFy0,mathildepascal@yahoo.com,BG5Y1rhsI
395,ItbzZiYsG2ByFit,christianwashington@gmail.com,T5W8gWXgC
396,DleCu9JCThoEhT0,océaneétienne@gmail.com,ZvPRLObxr
397,moXRy30mg7HAx1L,michelleétienne@gmail.com,lHsdPT8CL
398,acwizhCi4gOwAUa,raymondlegros@outlook.com,zU0cbRLm0
399,VklZNnCXE1hy6mF,katherinewood@outlook.com,dG1u4ZGf7
400,wQB8IfXBd9rZZg1,richardgardner@gmail.com,UOX8oS5GW
401,p1miurKUOc5xd6q,alexandreguichardlelesage@yahoo.com,mvvVbGurW
402,d9IbRFVtJOPEJgy,daniel-louispetit@yahoo.com,GLni6wxWB
403,TDcVKZPQhlstGT9,genevièvegilles@hotmail.com,15yuqBrpY
404,D1x4JnYgPgYyuGg,pauldeschamps@yahoo.com,5RTVbRP38
405,Ak127pVgKbqjhSq,david-patrickdesousa@outlook.com,KdSSae5jt
406,Fk4oEBfQNM0mllI,sébastiendevallée@gmail.com,Wv3h1jCF3
407,2R1hBFXsWHoKS4S,toddhernandez@hotmail.com,95VpcZE1m
408,Fc2tLuZOlf69bpq,marineduval@yahoo.com,gQd5vDrHl
409,hE8hzGnhC4dvym6,erikstafford@hotmail.com,DqP7kNlb1
410,YPmJWIwSRyMTPWY,andré-thomascosta@hotmail.com,AtYUxXcue
411,YlUtBrvOVd8NESS,moniqueaubry@gmail.com,SrYBou0k4
412,XLc0SQ91g8m0XTW,aimébouvier@hotmail.com,GtbYEJWCN
413,EB9AThHdClS5NVy,philippecarpentier@gmail.com,mEhiQduqN
414,L4gB6353YK3zcso,stéphaniedelahaye@outlook.com,vntUAUNzI
415,ueGsIgtYsbC443A,jimgarcia@gmail.com,TQjQcdT8o
416,bNsP7w3Jb6Xi2y5,paul-richardthomas@gmail.com,3kk0Hie9h
417,h9i7stZ3gWXK1qU,patricklefèvredelalopes@gmail.com,DmK9OwCla
418,XU5pCgMnhVAAHhU,michaelbrown@gmail.com,5Enq4Jymw
419,2e6VsDyt2Jg1Gxn,édouarddelaberthelot@gmail.com,yZ07xqpJJ
420,QlPbikKXWIAAFZ3,melissapratt@yahoo.com,HvjSlOq5t
421,LZP8TCDjpmU0UnL,mathildehumbert-philippe@yahoo.com,6ek5ULIaN
422,q9HD2Yc8KrbdtXh,franckfoucher-pelletier@hotmail.com,mn1mg3I0V
423,CgN47ZxGEICAkb5,elizabethhenderson@hotmail.com,MJdDnGHdm
424,Yn7n3SY79gWyJoA,marcbigot@outlook.com,b4HrGEFPh
425,rKMBrFRdKrj6klM,huguesbesnard@outlook.com,R0HO1ijNt
426,5SaiKe7m3h3ydgW,agathesamson@yahoo.com,mn1mg3I0V
427,NIzzpYJa196PF1K,matthewabbott@yahoo.com,QBW56hVYg
428,6EEwnLptyRlk05p,clairerousseau@gmail.com,9K8wnPS7B
429,NwMNp5kdGhJK9Xs,michellerobertson@yahoo.com,qCzB7LYsj
430,fmCWdAw1hropLAF,charlesdialloduguérin@gmail.com,xIERbzxjB
431,zx6j4h2Gax2NoJi,thomassimmons@yahoo.com,idksoERbL
432,XnwdIW911wE54K1,wendywilkins@hotmail.com,yNiK62TEK
433,yPXyiDiZEfGNotK,lucyrivière@hotmail.com,FYOUVGGWx
434,W261JfzvmhlvgDm,douglasbyrd@gmail.com,Y6D219XJK
435,M9iCfa1KVQUYYzP,markchristensen@hotmail.com,tj7G13e8G
436,8Uk3So6cJRjr9jw,gregorymoyer@yahoo.com,zxQDyB4gB
437,HwbP6l2cXzFbhY9,bertrandlepires@outlook.com,vBaas2JYC
438,Hlaoi2tulRmHTKE,christinelopez@outlook.com,2fuyWlPfl
439,eNe4UTuuCqVNbqk,adèleblanc@hotmail.com,Gq15GhGz8
440,Q5XSU7tmdTYdWje,emilymercado@hotmail.com,YgMtmdwYC
441,y8ieriM0uy6OOHL,jamesgarcia@outlook.com,OPJUJtczg
442,zVYu3ShaRdJlJlq,arthurlejeune@hotmail.com,5RTVbRP38
443,LJzKQdXwoDa0WTS,antoinebourgeois@outlook.com,5hPmm2JPV
444,HCoTyIezhlR0tdk,alyssasmith@hotmail.com,HvjSlOq5t
445,IxMY1zNabhlIfLX,derekmorgan@gmail.com,6nxKof4ch
446,FYu8EcJ05soQdJh,robertleroy@outlook.com,bptg37X5i
447,jwvo9eW1VI2EiML,jameslanedds@outlook.com,XMrXXhH7A
448,vDi6uuz3VgCOuwq,mr.christopherwhitejr.@gmail.com,AtYUxXcue
449,GAf8kVPp6FtBNvj,taraboyd@gmail.com,5RTVbRP38
450,cFnrAWiTU1UlzEE,robertchapman@gmail.com,HgVdeVP4B
451,3AExOtSDoOeRFiP,isabellecoste-thierry@gmail.com,tdF0lI93S
452,HiWcYiv2aJ6nm6k,laurentboucher@outlook.com,6ek5ULIaN
453,wK2QVK4LPGDy4th,robertmorvan@yahoo.com,TB2ONm9k1
454,qDBKVB4dgig3BsZ,annjones@hotmail.com,TQjQcdT8o
455,CzKBANQc9CgsnQd,craigkelly@yahoo.com,tdF0lI93S
456,dc5DuKiTWUCZ8XJ,xavierfontaine-payet@yahoo.com,9oikIo0ht
457,GOV9MrUwyq5UJzY,ériclegoff@outlook.com,eaufwaDyu
458,HTj46cgEbss5BRv,henrilebretondelavallée@gmail.com,F9EzH7Iim
459,MxtZ8tceAxJQdMd,agnèsdelahayedubouchet@outlook.com,x6iobTBJW
460,LAK3EG0nzqZO9kJ,lorigutierrez@outlook.com,HgVdeVP4B
461,fQ1ooZOPX1ePsvc,anastasiefleury-gomes@hotmail.com,m9fF0MHHm
462,cDRUudiD9Z1KSeE,michèleberger@yahoo.com,AhqEGSEHB
463,ng98hBSzMRCyQKG,kristadiaz@hotmail.com,xVbRkvsBA
464,o5Em3LGIyOzttyS,marcuscook@outlook.com,isYrD0WSc
465,5DciHOSXoBHnUfA,martinemorvan@hotmail.com,4L7OUohoQ
466,qZa61ZJYPlYYxRO,nathaliebègue@yahoo.com,O1hVAqq3s
467,XmomGEdtpJ2vuaz,johnwilson@hotmail.com,hQ5SEnDuN
468,uuuUin6dNCfMIal,théophileriou-pichon@hotmail.com,MIfBRbfxr
469,EBM1XrdtLVgq42f,benjamingilbert@outlook.com,afDiVTLNx
470,MZa2GKu31KVUjyw,nicholascook@gmail.com,TxevXRNXt
471,BA0HaFz0SGqLn7X,georgesbruneau@yahoo.com,nUwfQZ699
472,C8chl8W0HVqjmqm,melissagonzales@yahoo.com,UvinP5coB
473,EfFc7Zkd9bMcSq8,williamhayden@outlook.com,x5f1tusDH
474,8HR9wNrU9a6pJfu,cécilelecollin@hotmail.com,FEVTCLneV
475,s9R15n9h21GnsW9,ryanporter@gmail.com,sno6arqdM
476,4082heEJ0h5WaDX,victoireguichard@gmail.com,dzrIBEIqy
477,Pl9mzNlrDobNWDj,andrewbrown@outlook.com,6ek5ULIaN
478,xdNU7PLCXjECbXE,alfredteixeira@outlook.com,gleWMyksK
479,LII24hhSLorpvod,jacquelineboulanger@hotmail.com,uVQSSwrDf
480,BZyQ8bVpT5XMIDY,claudinecaron@outlook.com,6Nie3lYUi
481,eSvfYODKXQRwSDa,deniseducarpentier@hotmail.com,p9XWdIDGh
482,JAUNFwLWUSrIh18,corinnedupont@hotmail.com,8GCaiBnoL
483,uY9mkcJCAGmcF7n,claudinevincent@hotmail.com,O8DsHy67Y
484,2GuirNeJVZUVVTB,tiffanyhill@yahoo.com,AhqEGSEHB
485,h7SOXsC9hLCqicX,saracarr@hotmail.com,XmQOhWDnQ
486,vjaEZzlDnyUwH4x,leahhall@hotmail.com,63GEjEMGK
487,lZ6CmBXtoXGEgar,marcellebarre@yahoo.com,TJXFvgOAC
488,ZWQSiX7CG268j03,lucasdelacousin@gmail.com,cK1jyTASO
489,27b3m0nSoW3M5Cu,véroniquenoël@outlook.com,zHsCJg7o0
490,qq71RXusoGy8LNv,ronaldsmith@yahoo.com,QN0CX1gcO
491,0ocm74Z1hBcAoQY,éricfouquet@gmail.com,khSfCDF3T
492,Se0tMojD8OcM1MO,mr.hunterwillis@outlook.com,C36KBnWjf
493,k1rmLWHy12FDOox,dominiqueleandre@outlook.com,GdvDkvqqm
494,DM0ZQhUfb1tNyhf,tammyjackson@yahoo.com,WMnaw7AFH
495,iEv8YIbePloSPUD,luciedupré@outlook.com,isYrD0WSc
496,oL6wJRrdNeDfRoT,alexbuisson@hotmail.com,VZtLOxISF
497,p699XwqfqxGu0NT,jacobbaker@yahoo.com,PEEMYrAdh
498,YacTMTQyQlyeYIb,luciemichaud-guyon@outlook.com,dyfTdPhku
499,gN2YzuXd1LRPt1Y,adèlepelletierdugillet@hotmail.com,mEhiQduqN
500,qDk9C60WI6aEER1,anaïsjacques@yahoo.com,mvvVbGurW
501,TfDir6yW5tISTIS,xavierjoly@outlook.com,6kb9n8e70
502,3GcS3Z5oZdulzSK,emmanuelchevalier@hotmail.com,O1hVAqq3s
503,82hi7NkVpG8WMZm,jennymiller@yahoo.com,IN4S97gBd
504,alOoAmjiaMIl0Px,patrickgomes@yahoo.com,8U0fyBcnD
505,vPSNtV7u18APPaZ,ryancarpenter@outlook.com,hvLtE3m2Q
506,4kmxJYgo68jc361,nathalietexier@gmail.com,gleWMyksK
507,VmG8FjBk5lBMlif,brandonyoung@yahoo.com,Obq1qseGa
508,dYMFXbvWj6fAaAn,denisedias@outlook.com,U8jShntWK
509,0yesGie3Lhlvz89,juliettedupré@gmail.com,ICrArmRRa
510,aJ3qWKeLSGh3ZFG,hunterhowell@yahoo.com,lvxs2mKmH
511,rhGN4FvxofrVpBO,marcelboucher@hotmail.com,zskZXlYbJ
512,Henm2GdidD4jQNT,léonvalette@outlook.com,E9yshVSPl
513,AbuQxRn5ihTN8jR,andréboyer@hotmail.com,FxwVl5AuX
514,Ni2WJW2AqeQCEK9,marissabarron@yahoo.com,3K3iNIkif
515,EqC4EruOmBFGXnQ,toddwright@gmail.com,c7THsEIp6
516,QbiarhPEqJhr3I8,sophie-alexandriabègue@outlook.com,3Kr91H5e2
517,wJXnWbBdHxUe5vp,augustebrunet@hotmail.com,3bx5sasGu
518,ph41MGRfDYgUZSZ,susannemasson-henry@yahoo.com,687dwEu2y
519,UELVWiNLU1d50Nn,henribruneau@gmail.com,eaufwaDyu
520,iJmhtYvU90VvtnC,lucehumbert@hotmail.com,wa4zAO6jR
521,PIyC8IzPSn4Xxxn,susanhatfield@outlook.com,LwLpJaP05
522,1OGWfBECTGjbJKB,jeanluna@yahoo.com,tLdajSAhy
523,dinJZDL4Q8Sg9bm,éléonoremarin@gmail.com,Q0ZkGX6uJ
524,cZIG5ThOOepO6Bk,émiliefaure@gmail.com,khSfCDF3T
525,L0UT1rViKsa8e5P,philippine-madeleinechartier@gmail.com,T0FPuEsdB
526,VelaTDOvgO9rK22,joelwallace@gmail.com,FY34y8Z8O
527,PP7qqnPD4PiqsHv,johnrobinson@hotmail.com,PFAnn2oZ5
528,9rZ7XN13h3OWM9a,christopherbrown@outlook.com,jiS4vZwIh
529,Hfx8gPupM1wsiu9,auroreledoux@yahoo.com,NBAIzm2RT
530,8vsiV4UzMQXW6aZ,isaacrey@yahoo.com,SkDSnXeWl
531,yHmJ7O2TiRDHnPJ,jérômeguyon@gmail.com,Zl6rn8PbU
532,hJFjdqwZZCpBJn3,genevièvelabbédelapierre@hotmail.com,GEvzNKAqU
533,L7MTnLzxgfBYyuC,tylermiles@gmail.com,vntUAUNzI
534,T6cQUoD4zgySx3O,michelmarion-morvan@hotmail.com,YgMtmdwYC
535,lW7yTZkBaZk13jj,susanbowen@gmail.com,8GCaiBnoL
536,ykwSXpTmODlS4R7,robertbernard@hotmail.com,d7cgnDY23
537,PRU906M3XwSiOw9,noémihenry@yahoo.com,TAa5qLf56
538,k6BxwyNJdXhHV7L,luccolas@outlook.com,Agm2gaMuY
539,rh832wGLOinIbNS,luceweiss-mallet@outlook.com,h9EQCeo91
540,DqHHKbgjxmyEUJF,gilbertchrétien@outlook.com,Z2vgHLHOK
541,RcvSjoHniXAJQCu,sarahkelly@gmail.com,cK1jyTASO
542,P99pGXUTX7x0wmH,justinbrown@gmail.com,41rurVsgp
543,KxPM9kOBiRf6CGd,pierredumas@outlook.com,HfGAOPsmo
544,GY1hEOqd8PriN9e,jessicachoi@hotmail.com,dWBWNWz0O
545,UGlJ0vteFKaJrKM,françoismunoz@hotmail.com,VXQjwVmRT
546,25spiir5OxNEm8h,gregorybarker@yahoo.com,KqHY1x0y8
547,mltvg0Tz7NNByGM,melissahoover@yahoo.com,HazXqxbRS
548,pei3bEgx7IA3hU5,russelljennings@outlook.com,jbMfxhzsR
549,v2etlv7Mj5weOG9,françoiserey@outlook.com,1WFhMlxvb
550,HTBS61ZHpQY8Q2R,édouardklein@yahoo.com,MRneYzwKc
551,5WJ8LN4lboLaE9U,alfred-henrischneider@yahoo.com,ZBg6zXdqm
552,GPGTQXQ0hqxFjNZ,charlesarmstrong@hotmail.com,q29vrvBK9
553,UQkZ9FzMZhfggmr,robertjacquet@yahoo.com,lno0uhwsv
554,eeP2nGvyrYJ4tLq,célinedemarion@yahoo.com,Agm2gaMuY
555,rdsvcIOMDgPXI3a,michelmerleleraynaud@gmail.com,m9fF0MHHm
556,Ev5dsKhYaLPCk5X,daniellemassedelariou@outlook.com,mEhiQduqN
557,XWDoTqBIpXLMNnC,michaelmiller@outlook.com,Grv7MDsj8
558,1TRexPGlMPE3tG8,matthieudasilva@yahoo.com,duMI5PJZ7
559,dNBrUrN5lLpgm0O,ericpena@hotmail.com,4P6Y1Maxp
560,SqynuH9CkgOvr49,françoiseperez-garcia@outlook.com,125nQTpeV
561,JXQVt3FBuAxO5vN,thierrybertin@gmail.com,iIqcoeNTd
562,Vqlbkm9ICowP6g5,eugènevoisin@outlook.com,0WChJ1yBq
563,drEaoWAAV63hHww,lucemartel@gmail.com,A9jH0UaUm
564,gwWjHAX5gdWlkpX,stephaniecollins@gmail.com,duMI5PJZ7
565,Y8cT1woaehDVcJ1,laurent-victorchartier@yahoo.com,njMUgGm0A
566,QAzeDndRKesMIt3,marymason@outlook.com,D9JRo7yw7
567,XzNsslbhKvOQfew,xavierbrunel@gmail.com,ttaIiYTOp
568,w2H1aGo3M6Pn4nH,margueritelainedebarbier@yahoo.com,zkCV57cQR
569,61kvCXztbjwW1Lk,gabriellebecker@outlook.com,vTUSqVdqJ
570,sFs90TzNEYxmN1V,monicaholden@outlook.com,TAa5qLf56
571,NwMg8Iv0FGUjh1d,inèsdelahaye@outlook.com,l6xqxuR8r
572,xSonfSpDjawEv5N,ericbutler@outlook.com,W1dSB1SiH
573,illkiInVcD3cXU4,jennifermarshall@outlook.com,vTUSqVdqJ
574,5OnQUUNLaLaCHYx,brittanyhumphrey@outlook.com,yNiK62TEK
575,igxJCZbtKFesyNz,brookesherman@gmail.com,lno0uhwsv
576,hhuw60lRvzFzsRA,michelledeferreira@yahoo.com,GtbYEJWCN
577,56kZYbnuG583oKm,alexandriegrondinlegauthier@outlook.com,ICrArmRRa
578,xJOEl8T1WXLrmID,margotthomas@gmail.com,3OUmxVN67
579,d4au56cVEE8ZGSk,victoiregomez@gmail.com,DmK9OwCla
580,VigE0IuCIdAyu0j,antoinemartin@hotmail.com,g3EkFiHbl
581,FeyvpL2pypQKgip,xavierantoinedumartel@yahoo.com,TJXFvgOAC
582,Kx1LRBYecjBioDw,nicoleguibert@yahoo.com,iM6AG5zMA
583,F762za7h9dyLPfM,shannonhinton@outlook.com,GT6wJDt5w
584,iB6su6B0BMx47pi,brigitteleblanc@gmail.com,Q2zfwLM7Y
585,Dfy8ZiauHnwInRA,lorrainevincent@outlook.com,gEs8b3cTN
586,BMAWjf7K2qaLjJB,julieperretdelaroche@outlook.com,D9JRo7yw7
587,djeXB6Omf1oYhkS,franckevrard@outlook.com,tw4LvVPYA
588,yqf1f44Ai5lU51D,noëldesauvage@hotmail.com,g3EkFiHbl
589,aqFdxEyjsF9cszr,mauriceblancduhumbert@outlook.com,b8C0f9YUw
590,VtWoeYYZB9XKovi,alicejoseph@yahoo.com,F3ADQ4Lhm
591,vduuh9AEjIrJtRP,ryanelliott@gmail.com,5Enq4Jymw
592,8viSD9tRfDR1qnV,grégoiredudelahaye@outlook.com,prIlSYn2I
593,DTF83AMRmsOZ3QN,kylemiller@gmail.com,PkbzhRT9j
594,UYEKtZ2Nw9xt4hH,nicoleandredulecoq@outlook.com,nALHCAtse
595,ncZHqc7raGhxIyE,jessicahart@hotmail.com,zv8OCjXKO
596,9CGB9gsjnrMgNWd,carriedominguez@hotmail.com,nznGMRdWi
597,ZCFeuMlPCpQo54h,troynewton@yahoo.com,hJy4ERT48
598,SMae6rpReQOKQ0d,dr.jordanwilliams@yahoo.com,Qz64SNBsD
599,nVIQUrPFZv0cF4B,reginawilliams@hotmail.com,qUSpQQor5
600,bjmJagZpqLlGDpw,éléonorebruneaudebouvier@hotmail.com,IIeDRpOy2
601,lnMNgqRUZmclD0w,margaretletellier@yahoo.com,1MVbCWnTQ
602,kICKH07T41EAtiE,simone-colettejoly@hotmail.com,2VuoObNyU
603,y47J8PoIqOqEh9k,théophilelaine@outlook.com,nYPo6xZM5
604,89F8lkuEV9C6RB8,antoinedelamartinez@yahoo.com,t4HlSt0HQ
605,XDafDIW7C0Buaow,théophilelegoff-pereira@yahoo.com,guqXWTuGj
606,nd9XClavC3Wy2UH,patrickcolin-leleu@hotmail.com,TwSYh0HJZ
607,xl060fduNLJ4mhx,victoriamorales@gmail.com,TiVx0gDQn
608,CgTsVgqII3r7MRu,jacques-édouardramos@yahoo.com,zpTPukZpC
609,OnGi4NaxoSYmBAY,karendoyle@yahoo.com,b4HrGEFPh
610,pFLyFzw4o7LE26z,jasondavis@gmail.com,yodQHhASQ
611,y3iaSX8Aws63gWP,gérardhernandezdegilles@gmail.com,wl6ZAPtHN
612,idlShtU9uTHplIQ,michèleletellier@outlook.com,GT6wJDt5w
613,66HKjylB4W4zqKu,michellelemaître@yahoo.com,pYtTaSpYT
614,kLUFLB5gAKyesLs,oliviamurray@hotmail.com,dfiMNlrR5
615,iWVETdugdNLGeyH,guyfoucherlejacques@hotmail.com,k6F0xvDyU
616,URXNKj4eQM0NWyU,yvesdelalemoine@yahoo.com,mEhiQduqN
617,vxycVsRaETWrC1w,pierre-nicolasloiseau@yahoo.com,pzELMMW7I
618,axvj0CVuisGZy57,susannefernandes@yahoo.com,ARHjG07Zr
619,wuLTEYUEN0uni0P,shellyryan@gmail.com,pMQ27WRJz
620,osz5ApA5Zncw3dS,jeannineimbert@gmail.com,BCZSWCZeE
621,4XFxKv16P9sqCst,sabinecarre@hotmail.com,uRJhptpkD
622,ImWn3OkDuPhnPol,mariannedudasilva@gmail.com,IcTrVJpe0
623,dWRSAYtjnfpDaR2,anaïsmorvan-legall@gmail.com,o4FfPZCfs
624,gPPFWZhD8sdZwqN,françoisecarpentier@gmail.com,uQ9MrXOWD
625,HS6urSQfCXgDCNM,joannaharper@outlook.com,QN0CX1gcO
626,mpudhbMDreQCCk4,sébastienlehoarau@outlook.com,mPj7lcPtD
627,vKlXGW0ODNgsgnI,scottperez@gmail.com,Tqgt1NMBM
628,562D5sDZ1Ex8QHK,aurorewagner@hotmail.com,BCZSWCZeE
629,wuAW4MUy3bW0pmO,craiglopez@yahoo.com,HfGAOPsmo
630,Q6NJtuvAcPrw8T1,franckraymond@outlook.com,PFAnn2oZ5
631,oxCNDcZLVHYSxdR,théophilelelièvre@hotmail.com,1uaxjhVZ1
632,7j4MhtCjJWptlKZ,margaudmarchand@outlook.com,Q0ZkGX6uJ
633,s2uBxnfcf8olYpF,wendyleon@yahoo.com,4MtGYq5Mc
634,PBch46i18tDkVfZ,juliettecollin@hotmail.com,mn1mg3I0V
635,wGCxrUpzwnVVVAS,thomascourtois@gmail.com,MeentbnKG
636,dKZ3jZTI4PXrGnA,markweber@outlook.com,5u9qZViFb
637,BHd1RBkevLhFbD2,andrewcisneros@outlook.com,1WFhMlxvb
638,LiGy5AgHgMmrDxF,marcelleroux@yahoo.com,AonsEk2iw
639,ew9rBbMLLyvHwsL,justinchang@hotmail.com,6d9V5Nvy5
640,OWoSW4ZJZVpwhQF,dr.dakotabell@hotmail.com,2fuyWlPfl
641,s0XwA9cOxAYF87A,josettebazin@yahoo.com,gT4jODbX8
642,9U8UNZodH6jxFSi,jeanblondel-boutin@outlook.com,IhVNJkoXL
643,Cp7mdG0pQnGoS0Y,manonfaure@gmail.com,Wv3h1jCF3
644,HW60tIrWUbSDt08,josephramirez@gmail.com,hs5MN4sKl
645,RxdHVhnOom9MAZP,davidluna@yahoo.com,XCRquBawG
646,vdHuQuwh5yXhc7s,claudelejourdan@hotmail.com,9ikJAWcWr
647,o203aBCDmf1LS0D,tammyphelps@yahoo.com,9NayQKJeZ
648,UNccEAMpECGygD0,véroniquepasquier@yahoo.com,029SbzCkH
649,SHeTgTTBphRWDfi,michellechristensen@outlook.com,v2bPft4Rc
650,eT83uw1acQVOUZ8,arnaudepetit@gmail.com,k6F0xvDyU
651,iK1lRvkKWaeyfYv,charlesmeyerdelablanchard@yahoo.com,aht1nMLDm
652,uDMV2NtAWd6IqdT,arthursparks@outlook.com,LzHN1Sk3S
653,fUQ55fdh1e0rvQ7,stephanieporter@hotmail.com,tI2PQonep
654,RUCqAfUJxc6ZlRN,loribaxter@hotmail.com,Wv3h1jCF3
655,63CDNtzPaB9RbbK,guillaumeledoux-traore@gmail.com,PEEMYrAdh
656,ijik1PPIPsxV3F2,jessicamartinez@hotmail.com,XN6ynhrbn
657,IugSf0w1gUpqc6g,terryallen@outlook.com,C6Cs97VyY
658,ijnQFE7LTgKLoqu,frédéricmunoz@gmail.com,ouD0JiXY0
659,uvwp7siJcjkQ9FL,carolinelee@yahoo.com,dyfTdPhku
660,L2r4oZLPXVXk3Lg,joseph-davidmaillard@yahoo.com,ErOwFp6DO
661,5BRkQbWndmqaYpN,robinaguirre@gmail.com,687dwEu2y
662,fcwanJPqxW4fOqe,jacquesblondel@hotmail.com,F3ADQ4Lhm
663,H9Dm0oJ9qeVRBdk,bryanreed@outlook.com,o4FfPZCfs
664,eVHoEQhRsgCvu5O,adrienmarion@hotmail.com,N19bdTHPE
665,Ay5Ckdo5fjxbsGD,agathefournier-bonneau@gmail.com,15yuqBrpY
666,5kiEKd47HIBmH61,michaelhayes@hotmail.com,UOX8oS5GW
667,66DPGxiCFRuNds4,danielnormand-gimenez@gmail.com,4yWonNmFy
668,LS0RB5S4JC2jBvf,adèleboutin@hotmail.com,isYrD0WSc
669,bQGSsXgjcpR1NfO,timothéebarbe@yahoo.com,UwnSq8lc4
670,ZfuHFa7chPpEXBJ,renéeleclercqdelaparent@outlook.com,zkCV57cQR
671,Y3eXgAbJIZNpJ8N,amandahess@outlook.com,7342B4Unt
672,KZ5CQWXdF3srYvT,hannahgoodman@yahoo.com,idksoERbL
673,bOoeTPVo2aGlRxa,agathe-charlottelemaître@outlook.com,Ldq3o77M5
674,nXBzX7eBIDYhjzZ,brittanylee@outlook.com,uyue7Nd60
675,TUbAf1esYkZkz7z,camilleléger-marchand@gmail.com,Lrthd0sjG
676,aOaA4pLeJrSBiyl,raymonddelablot@yahoo.com,Ab3381dqD
677,vIXRcLfV0zDklfW,maryseleroux-ribeiro@gmail.com,NUxvwMVAH
678,IsNZNu9AggO83f2,adélaïde-clémencedelahaye@gmail.com,5PHwSfQK9
679,JU7Nr3WRs51lLhn,pierre-denisruiz@yahoo.com,EQ4GTVZbo
680,D32Ul72bpQLTMNp,luceleleconte@gmail.com,9ikJAWcWr
681,Tw5xfaTbbueyB6c,thibaultroy-gay@gmail.com,BzOzKXiDo
682,Re0iexfNsnyCVPx,williamcruz@hotmail.com,Y5ks6TwCS
683,v8fJtonlWfCFOk5,thibautguilletleklein@yahoo.com,Sa1uRriUe
684,JugUn0BkRXTp5KW,wandaobrien@yahoo.com,aht1nMLDm
685,qtLPBMXiHlJUYFq,dorothéelacroix@gmail.com,uQ4RQP1xe
686,wsszAaYFqLUVcM2,margotarnaud@hotmail.com,UvinP5coB
687,6m6jVjtkrn5gA6G,laurenpage@hotmail.com,zxQDyB4gB
688,aoNTaCAi5fbDmqt,andrémartel-jourdan@outlook.com,uVQSSwrDf
689,DpNMldFR3M8b63o,richardfaivre@yahoo.com,9oikIo0ht
690,fGtTzl1MMDr4LTF,williamallain@yahoo.com,dOAQqbA9K
691,4yzgkt35JKLk3wj,tristanlefort@yahoo.com,iIqcoeNTd
692,Lp3nJyRcmYVdPvN,agnèscoste@outlook.com,DoAuqAuF6
693,TjslCPcCAwaW59z,agatheclerc@hotmail.com,Dwwk2cdGd
694,vGUXADm42lT7CxQ,moniqueruiz@gmail.com,J0dKLrFZG
695,m6gAZMM4rAqcbYs,élisepeltier@outlook.com,pwUxuXCe4
696,Ubx0T27ZzW3TFuZ,robertdurocher@outlook.com,wsYmtvfqS
697,cfdfsRnbTCeHkyb,maggieblanc@hotmail.com,5xnwK4l19
698,CpLaUiztlBK5ahK,thierrycosta@outlook.com,njVApecah
699,onrN9Mf8qOzKUcW,debrajones@outlook.com,oMePegipM
700,AVj9pcZk5OIgM0I,lucas-ériclacombe@hotmail.com,TwD38YhVa
701,Sv4GVq4A4ytWZ10,christophemercier@hotmail.com,HfGAOPsmo
702,yNe2GRgH5VBlmn6,thomashuet-girard@gmail.com,IcTrVJpe0
703,kIzUoJkI9DCce6Z,camille-michellemasse@outlook.com,b8C0f9YUw
704,cVdltqi4rHkunwJ,alphonseleroux@gmail.com,Y5ks6TwCS
705,h4ujGmKhpFeEtM0,michaelmckay@gmail.com,prIlSYn2I
706,pIQTdZopdlgyK83,rubenfuentes@outlook.com,FxwVl5AuX
707,xpMEoOOJ5qTnAO2,olivierboyer@gmail.com,B9xfnKOY7
708,PjZPgurdYtxD7xU,williambradley@outlook.com,a7HhkRuDE
709,ct4VWAB5xvim6u4,lukeromero@yahoo.com,Obq1qseGa
710,vSZ0hEbIH5lihPc,zacharyallen@gmail.com,f5qZIqp3m
711,z7T7riOUaXJwjl3,léon-alfredclément@yahoo.com,EQ4GTVZbo
712,EIcAeNWQp80L1Y9,catherinepaul@yahoo.com,dFUDyph3M
713,5oOOe6d0wvfUL0x,théophile-zacharielaporte@yahoo.com,uWkZrwHPx
714,cmER8r04DpZK7LS,isabelleaubert@outlook.com,nYPo6xZM5
715,Q792tVwhyirKzjE,sylviebrun-pelletier@hotmail.com,iv0UQvTb7
716,nScKYH2MydayudL,françoisedulebreton@yahoo.com,DtGseN4ff
717,Xw6sE7tZ7MWMmeJ,maryseduramos@yahoo.com,rapEN7igp
718,ZnRE4vwjrnKZ9NH,terrishepard@outlook.com,oMePegipM
719,8rEJWgXmIRTsI7o,bernardpeltier@hotmail.com,pzELMMW7I
720,tUfVzGRCdfzySYw,emmanuel-alexandrebenoit@hotmail.com,YbNXN1MLe
721,GAU869SHrGcItPg,billybrown@gmail.com,hQ5SEnDuN
722,a71a3qdRuih8ioD,françoisetessier@gmail.com,m9fF0MHHm
723,RpMJ7SQua7MYvJi,renée-marieallard@yahoo.com,hJy4ERT48
724,1xSbv88BOPc4fT5,théophilelegendre-costa@yahoo.com,oDfHpUbLC
725,00NiyATcWmjVcbX,juliettevincent@gmail.com,pc3yvFBlm
726,98q8RywzTrv74Og,tracyhernandez@hotmail.com,a7HhkRuDE
727,ckvoZdkG4tpqhOB,michelguillaume@gmail.com,ISuNJBire
728,YZkf2pemblfHe2o,éricverdier@hotmail.com,3AGjbwe2M
729,TLJeehg13gSMNmY,annelaunay@gmail.com,b31oSyhiN
730,QX4TWy9kQKc2s4r,jeanlefèvre@outlook.com,Z5XfeuZVv
731,hFEa9lVEBMxDZOG,gabrieljacob@yahoo.com,W9Qv0tpK9
732,PcPopFQEvhqf1rM,joshuaduncan@hotmail.com,GaSmr0ohF
733,4pQ7vOS5EgNrS5g,julianholloway@yahoo.com,prIlSYn2I
734,zEog08KtbZ3g3s1,anthonycrawford@yahoo.com,yycj2FYJc
735,4keLu7NDuk47UV7,édouardchauvet@outlook.com,NzUBznEmI
736,RrFPKRWn3Sk8fLM,ronniemarshall@outlook.com,VqxQc7UdW
737,fn8cWrISAw3gCgl,adèleguibert@gmail.com,9ikJAWcWr
738,5kL6vPJWPRPiY2Q,arnaudedelahuet@gmail.com,ECy3P87jB
739,YAJPHtksKskqD4L,jeannineleleblanc@outlook.com,1NliyVP33
740,5MsHFUrKYySaMw5,rémylecoq@hotmail.com,kPltMRFI6
741,LzirpvJuCoj8uCk,paulinedeoliveira@gmail.com,6yQlHiVcT
742,bxCtKB4D8XnBRUs,michellecampbell@gmail.com,ouD0JiXY0
743,OuYanC3BEkRNRZe,theodorerussell@gmail.com,ogRwXqvgc
744,6gQk1C38AYSJnME,mirandahughes@gmail.com,ISuNJBire
745,rpWTl09N45Ah4Rz,lucduclerc@gmail.com,kiIsbwKnG
746,qCfQMKhE0HYXbca,benjamin-adrienlaporte@hotmail.com,pYLmCjaqn
747,u1eMUMK5ZXyaMey,charlesmarty@outlook.com,IcTrVJpe0
748,UA7aNTRFrXUz1sM,laetitiadelabertin@outlook.com,ttaIiYTOp
749,tQsimWOuihA7p1E,alexandriaduvincent@outlook.com,H58ZeSb6P
750,hVEV39gDGz07giM,benoîtdidier@hotmail.com,IIeDRpOy2
751,HnAcyhPUFQOH6pN,jeffreyreid@gmail.com,zv8OCjXKO
752,4JKSMCqOkt02zjf,susanfleming@hotmail.com,p9XWdIDGh
753,yBIA8XP9SGOTNmo,noëlfabre@gmail.com,SlPpn0uh8
754,RMcvEcsPumAg7YG,raymondclarkjr.@hotmail.com,FEVTCLneV
755,TjLhbn9PqKqpmnr,rebeccaowen@outlook.com,wsYmtvfqS
756,aHBdVbrzuD2AoeR,josettejoseph@gmail.com,15yuqBrpY
757,7D0cthiMEVqSnQ6,stephentaylor@outlook.com,3Kr91H5e2
758,ViIbMVDbJIulvWK,deborahsimpson@yahoo.com,DmK9OwCla
759,HkbpEiSfmyt66qO,christelle-colettegodard@gmail.com,JCwVnC0kr
760,PUPr2RgUmf417yy,ériclagarde@yahoo.com,W1dSB1SiH
761,32jAjgiqVrXUMP4,williamsanchez@gmail.com,0WChJ1yBq
762,s8acNPYBvJgLAcK,rolandfleury@hotmail.com,qKWshdzdK
763,ciUQEY4dA97ibqr,michellechauvet@gmail.com,dyfTdPhku
764,EduTosNKzj56kyL,donaldhenderson@hotmail.com,dWBWNWz0O
765,1pMUkhiDmnK5Mbe,constanceguibert@yahoo.com,oIRErST7y
766,XvWJ9QKtGmSSMEs,nicolecollins@outlook.com,SNUsULDal
767,Ffr61Ae1C8vCJH9,marcbailly@hotmail.com,Eh5596LAJ
768,TFLrZ3ZzanXEXHB,louisdelamy@yahoo.com,yodQHhASQ
769,1BSV4STRwYD3ZDP,aimélemairedelabouchet@hotmail.com,pUb7oZoK1
770,hOYaTSZ45EYnNtx,catherinehawkins@hotmail.com,aKPFa9Lrb
771,JK1lujWZgLgg0yl,rickysutton@hotmail.com,wl6ZAPtHN
772,70Nc6wNOpTjArWT,jackienorton@gmail.com,AtYUxXcue
773,WeYWcnRCYbOZGQ4,garrettanderson@hotmail.com,3AGjbwe2M
774,O0Slmw72660nzOJ,stephenbrownmd@outlook.com,t4HlSt0HQ
775,11T2lAaXp3HbeXy,bertrandduboisdelacosta@outlook.com,4WE7O84tJ
776,KV8bMek67BiCTOl,inèssamson@outlook.com,uQ4RQP1xe
777,epqtywm2xivDxV8,stephaniestevenson@outlook.com,b31oSyhiN
778,hIxVgFHpboRrpk4,toddpatrick@gmail.com,ogRwXqvgc
779,QN7Qv33MTqX5fs9,chantalsimon-rocher@yahoo.com,7mMqHMLQK
780,X0Z6I3uCAZ3e1tt,taylorsoto@outlook.com,jbMfxhzsR
781,SGHImBQ0OnRwfJm,véroniquebreton@hotmail.com,vTUSqVdqJ
782,vunzb9J6xGfgOX7,scottabbott@yahoo.com,iIqcoeNTd
783,eVwBmepEVWuI7RC,ryanchristian@gmail.com,Grv7MDsj8
784,3J3TefCrlPkaNyu,guyleducdelamary@gmail.com,7342B4Unt
785,VEDfB5O7mNnPbkD,jameszimmerman@gmail.com,WKVrmm6Kj
786,1ICRCGsRZEuOSqX,sabinerossi@outlook.com,F9EzH7Iim
787,EKjE7PpuzI2DQtv,philippinejean@outlook.com,FdTkSVB3D
788,2y1S7dj5AgYbkmv,noémiboutin@gmail.com,rapEN7igp
789,g8xPfWGdjCE9LrR,kentbrown@outlook.com,xW7D8lvWB
790,LHJu3tWTXAjwu5u,toddlowery@outlook.com,v6Sor9yZX
791,SRgQKAikCFOCxMc,roland-thibaultweiss@hotmail.com,TyYkHGZeJ
792,KVfNbI6FA6K2w5S,hayleybrown@gmail.com,xGRXzoDPq
793,S24hAOE1wBmMawK,huguesmary@yahoo.com,R0HO1ijNt
794,nJr8jhzxNAVrDkr,sandrabuchanan@yahoo.com,GT6wJDt5w
795,R1aawGGLsE0SCij,isaacferreira@outlook.com,FdTkSVB3D
796,ugcramaL6QxO3RF,huguesmarin@hotmail.com,aHfT6Reoe
797,YXB6yi3OPcn8Sxz,pauldidier@gmail.com,a7HhkRuDE
798,limaBXBDBPubHi6,bertrandlejeune@yahoo.com,NbMtOugfg
799,EaPwcaVCpdHOUSr,rodneyjones@hotmail.com,89Sxum0YQ
800,dA9cEZB5xl6xG8o,odettemorenodelaleblanc@yahoo.com,nUwfQZ699
801,89cnzQ118I6NzKw,christianecohen@outlook.com,mPj7lcPtD
802,37RJJlDjfaHNYe8,veronicabryan@yahoo.com,dWBWNWz0O
803,xKinE2S6gyUTgo3,josephwashington@yahoo.com,gleWMyksK
804,ah1SioDsHB7af0E,gilbert-arthurmunoz@outlook.com,iM6AG5zMA
805,MDBspqCL4tWMBaq,thibaultleleu@outlook.com,SrYBou0k4
806,EFeOpx3ko9aJNrJ,franckboyer@yahoo.com,BLZGpL63J
807,MSZ33qH62v1vlsJ,victordupuis@outlook.com,ShF1Qb3aH
808,kQUGnXKoht1BrYJ,benjaminfrench@yahoo.com,Lrthd0sjG
809,hozCFpO1u9Mf3ZR,richardphillips@gmail.com,Ldq3o77M5
810,XlEAyubAN4aTubR,alphonsebarbier@yahoo.com,6d9V5Nvy5
811,aaHJ3bMYBrZXuOq,rachelmoore@gmail.com,dI2BuRlRO
812,KSnELAocNsx20AW,adrianarodriguez@hotmail.com,XmQOhWDnQ
813,7B7VuCTt4YYrgG9,zacharyharris@gmail.com,4MtGYq5Mc
814,NZltq7zh9W3Ffoc,amberdominguez@gmail.com,T5W8gWXgC
815,ZSZhoQINRRaa96r,françoiselecharrier@gmail.com,dyfTdPhku
816,aQF5I0VCfAKx4RO,frédériqueblin@gmail.com,Lrthd0sjG
817,wArWPBApIVv1oqJ,daniellepruvost@yahoo.com,J0dKLrFZG
818,Rb3ebN1bM85l4H0,louisegermain@outlook.com,PVcToFYaj
819,PvVukweyVeNqJz9,margotleblanc@yahoo.com,DEIlBd7OE
820,Dj1ASzh125cj5JQ,andréelefontaine@outlook.com,41rurVsgp
821,efMnYKpxDjiY2sg,dianebernard@yahoo.com,6yQlHiVcT
822,BHyi0h8B346FKgZ,davidrodriguez@yahoo.com,Q2zfwLM7Y
823,hMNHVCIziS5WUhh,honoréclerc@yahoo.com,MPZrcd1Nm
824,08qsONneBLYxSDh,bernadettelanglois-deoliveira@gmail.com,5PHwSfQK9
825,SdwUHLo6nxDJghs,anthonyreynolds@hotmail.com,3bx5sasGu
826,hQQdoVgO4JUTEvo,joséphineponsduhervé@yahoo.com,ubzPbu6QD
827,vsxZXSwPnV79Pru,émilielouis@yahoo.com,XN6ynhrbn
828,5cldCNjyHV5iii1,elizabethallen@hotmail.com,xNY0lFnhX
829,dRkcvoR1HpxbjqU,anastasiegonzalez@hotmail.com,afDiVTLNx
830,O6nzhxWQEFHJ3EW,marineperrin-blanchet@yahoo.com,W9Qv0tpK9
831,SpmpfCMN8JXCD4x,eugènehenry@outlook.com,1MVbCWnTQ
832,1SwLOOBZh7HtSGs,christine-margaretlagarde@hotmail.com,l6xqxuR8r
833,cqqtOntthlQaDEM,rolandpoirier@hotmail.com,0zyxTXTKK
834,D3UJzp3kzxaYh8Y,pierrerossilebousquet@outlook.com,wPHT88QA1
835,VyYiqVT14FsTbow,clémencebailly@yahoo.com,Sa1uRriUe
836,T3kTa4YcuNLeLjx,louisroussel@hotmail.com,hvLtE3m2Q
837,ACd7Z0A5Yf6hgM5,victorlemairedupelletier@yahoo.com,jbMfxhzsR
838,MpOJkuuYUunrZpG,virginiebourgeois@outlook.com,gleWMyksK
839,ZCkTvp1N10T4aoT,alexandriadiaz@yahoo.com,IcTrVJpe0
840,a13oJZXjSbDAygd,inès-patricianormand@outlook.com,t79VE7EdI
841,D7hZFVT7nke7p8y,andrewbrown@outlook.com,VPpoQDtf9
842,ZyxxJthQO36NHEJ,tracyturner@yahoo.com,k6F0xvDyU
843,tfZ3vbb1rGYu8KJ,cécilelaroche@hotmail.com,TZr3xCbyL
844,66pguEQxS69kUsW,kimberlyguerrero@gmail.com,gHRr8BWGz
845,DGzXhLt5uYMI0xO,andréebesson@hotmail.com,HfGAOPsmo
846,QcfvBWwgyjMBWFD,denniscox@gmail.com,Ldq3o77M5
847,7wH6KvBfjXZwbqD,robertdeschamps@gmail.com,Agm2gaMuY
848,lQqQRqMWaxpRe7N,josephlégerduaubry@hotmail.com,TJS0rxq5i
849,r2n3TJJ0gsi652e,stephenroman@hotmail.com,ZBg6zXdqm
850,qZkpDuYfXl1VUst,célinedenavarro@yahoo.com,ISuNJBire
851,VJEZKdwSsYNthkb,samuelhall@yahoo.com,hObhNC8tf
852,vOlmyzMa8sxX1t4,craigcurtis@hotmail.com,zRduHdYyT
853,HapFunwSqdPxXFS,michelduvincent@gmail.com,xpQRJXXvX
854,PO39K4DraSTlXBK,alexandrelecoq-langlois@yahoo.com,IhVNJkoXL
855,PuKRTq66jvC5gCB,richardlegrand@yahoo.com,mn1mg3I0V
856,9NeAbpoc3dplmBk,philippecourtois@outlook.com,hQ5SEnDuN
857,Ss2hbKb1JrOVJpj,cherylchapman@yahoo.com,KdSSae5jt
858,Soive6yb5pTXYAt,alfredmeyer@yahoo.com,tLdajSAhy
859,kvQ0VvZxTEa0K4e,tammyhall@hotmail.com,n9gfjuTi7
860,Kp4eQY0oROPVI1V,lorraineclercdudelorme@gmail.com,BLZGpL63J
861,eRioxmXwTDdCedQ,zachariealbertderoux@hotmail.com,DmK9OwCla
862,cWlA7K7DMWo2vlv,georgesseguin@outlook.com,pwUxuXCe4
863,6v78oLsvlNdviN9,maryse-daniellerodriguez@hotmail.com,axNHL0lr9
864,MdUvfxodK5m26IT,dianemarin@yahoo.com,anedX1v4P
865,EWEmlpoeFWdN4pR,madeleine-andréebriand@yahoo.com,K4aiZgV88
866,7Jo5eFfcfnUsajW,aurélieneveuleblondel@gmail.com,Q0ZkGX6uJ
867,JOUvsEebuRHhr69,valérievasseur@outlook.com,tRmqNnGQq
868,j8dnpHAXrI4vCIo,richardlemonnier@gmail.com,3yVMnrHT1
869,wGyDUJWfnJmOC9c,brittneyritter@gmail.com,sqLHAyfFD
870,4y7k46x351dHrzi,isabellelaurent-pelletier@yahoo.com,ELx6hw5Ob
871,TGsdGiNeXTEtz8Q,daniellejoubertlecolin@hotmail.com,8U0fyBcnD
872,sqVpaXxMIyW0DKo,philippe-jérômeroger@outlook.com,yycj2FYJc
873,15V9kWVdeBUM6qC,nathaliedelorme@yahoo.com,lno0uhwsv
874,PoOVTmjke3p0Q4w,odettebonneau@hotmail.com,MPZrcd1Nm
875,ez6oWCv8zAq1vEE,thibault-thierrymorin@yahoo.com,oiVyGWUjD
876,YH4fcrTvFmzqLSy,léonclément@yahoo.com,mn1mg3I0V
877,Pyui0XsUtgd25O0,nathaliebonneaulerey@hotmail.com,iIgil581w
878,EUwprdktphoVyiC,meganscott@outlook.com,ycpEHUX7c
879,kk64MYHy2nY3K6y,élisegauthier@outlook.com,oMePegipM
880,ulmBCRSs1FLwc1P,clairedias-gilles@outlook.com,dejtvvaJs
881,ASf6w1nSb7WdIos,hélènedidier@gmail.com,8GCaiBnoL
882,RlE2k0LDp2pcwpr,louisdufourdelagaillard@gmail.com,zv8OCjXKO
883,jfjDWHYQyj4yGW0,robertbaker@gmail.com,HoI9YlbjO
884,Ip6BZ09UoMAASPx,anaïsbaron@outlook.com,1MVbCWnTQ
885,qPOuifyiaeaBwyt,margotbesson@hotmail.com,qKWshdzdK
886,XhrlIXebmE3kvBo,éricduval@hotmail.com,x5j9L2iXx
887,B4sza5DG6nsf9Po,marcelthierry@outlook.com,g3EkFiHbl
888,5lN3ZUg1FHiSoPK,jacqueslévêque@hotmail.com,tdF0lI93S
889,4WJyZVf6ucxIVYa,kellychavez@gmail.com,USsxIXL9k
890,EJAFSH0aPykAyI4,arthurleroy@yahoo.com,4L7OUohoQ
891,iehRq0f2xBTitmz,éléonoretraore@outlook.com,zxQDyB4gB
892,mBupsGOS8bh79xa,ericrodriguez@hotmail.com,T0FPuEsdB
893,jbkkuIuIyAsvOwx,martinrussell@gmail.com,R0HO1ijNt
894,2b6TSiB9nP1WKcN,rileywatson@yahoo.com,U8jShntWK
895,kK0arxAOW1tr7rF,bernardlamy-dossantos@outlook.com,iIgil581w
896,kyRbd23B9SZz2gK,grégoireduval@gmail.com,687dwEu2y
897,xqWCkWbfjpxoY5N,lorrainedufour@yahoo.com,gRB5yWITG
898,jGLgbloDQDINlUU,michelrobin@yahoo.com,DqP7kNlb1
899,vW7zpxhGn7VenSq,édithleclercq@yahoo.com,BCZSWCZeE
900,zC0zv2KNeu98Wm6,bernardlegendre@gmail.com,6d9V5Nvy5
901,MtJJnRcFP3WjY5j,zoéhuet@hotmail.com,2euf5Rhu0
902,2wx3zoQpOBpeFoE,nicolasgodard@outlook.com,LIIvxGAi4
903,rDauQInWeIRTp8h,nathalie-océaneweiss@outlook.com,cvVt4a1Ox
904,ZRgMMi6lqrzmfpL,christinareed@outlook.com,zWsbR8J7n
905,TwLfbjIzvUrem6U,adrienbernier@gmail.com,t4HlSt0HQ
906,ptL850jJlPKpN0T,catherinemary@hotmail.com,dnCup0eGc
907,gJy8jn1zNTbrdoR,kylemarshall@yahoo.com,RtuxMa2yd
908,WBoSARWNPnHEjOl,matthewreynolds@outlook.com,V1yNJqwHK
909,lnljgioDl6hFRg3,carolinesmith@yahoo.com,UwnSq8lc4
910,tvj4Hb1HaA4aWla,anaïslerousset@yahoo.com,ycpEHUX7c
911,PDxu1FDC4rhas09,victoriafarrell@hotmail.com,UD87jdckW
912,ZZectLxL0MsvA1k,williamrenaud@outlook.com,6kb9n8e70
913,keYUXgdneSCVAZg,benjamintorres@outlook.com,IIeDRpOy2
914,h8G9WQaL1rM6K0H,thomasgrondin@outlook.com,zv8OCjXKO
915,HjvaCMW5QiPTowD,léonbuissondedesousa@gmail.com,wa4zAO6jR
916,pl2C36LbRwGJRAh,ms.taramartinez@yahoo.com,prIlSYn2I
917,u5EePuMutBPLt5z,alexwalsh@yahoo.com,GT6wJDt5w
918,qhPv82wiUh959IT,codyknox@hotmail.com,cC5CNqjtw
919,IyE7V5V5dhwwbV4,michelduboyer@outlook.com,TiVx0gDQn
920,AAOzA43r1LENva6,carolinepichon@gmail.com,X7pBaij0W
921,wskhAqzQq7H6LK9,claytonadams@outlook.com,dejtvvaJs
922,6Jh959db0XwBsg3,isabelleallain@yahoo.com,lZPUDBm2o
923,d2p2cH4jpqfMala,danielmiller@hotmail.com,zHsCJg7o0
924,KqvGlua542SOyZr,dianapope@hotmail.com,errFAIbly
925,Bw3GGw0k972Rybn,rolandrémy@outlook.com,ER63xHNvf
926,GVSHE7ExjBshjSb,kevinmartinez@hotmail.com,DoAuqAuF6
927,PSRBe24VeBQbvOc,michèlechrétien@gmail.com,pYLmCjaqn
928,S1c0WytcGxi4MZh,jacquesrenault@outlook.com,isYrD0WSc
929,OJua3WvDX0tZOv4,philippeperrotdehoarau@gmail.com,wa4zAO6jR
930,DbsLjmkcUWrmFkY,christianemarty@outlook.com,4MtGYq5Mc
931,kpyXR6EkyM2P80W,patrickrobert@outlook.com,3AGjbwe2M
932,aXqSeVFKoLgeJju,laurentbouchet-maillot@outlook.com,nALHCAtse
933,hAMQWAXG2j6CrBF,alexandriahamel@gmail.com,4fTvz1IWm
934,a6Tx71pxnsJiWPO,sylvieweiss-delannoy@yahoo.com,ERcWUtZpo
935,SS4NCbgK8Trdinj,daniellelecontedumoulin@gmail.com,dWFd5vS6j
936,sZbfWbCLizY2843,élisabethberger@yahoo.com,GFoeMHvH1
937,PNmRo0ySTZnCiLV,katiearroyo@hotmail.com,dG1u4ZGf7
938,YHUThuxHLvzv2Pb,renéblanc@outlook.com,WyOBj85yt
939,1EkqaMlNihlBhHJ,joséphine-victoirediallo@yahoo.com,ckOenvjbc
940,Tdwwske5IYr6jDc,sabinehoareau@hotmail.com,etv6158pw
941,HQwaRCm13uQA5jr,suzannegosselindureynaud@yahoo.com,HoI9YlbjO
942,KLspngEFiomKAn2,paulasmith@outlook.com,iIqcoeNTd
943,7ptHCtaHAxW6kao,brittanymueller@outlook.com,fzMWslIc5
944,k19wu1wT8GadNli,adriennemallet@hotmail.com,hJy4ERT48
945,9MzkcHLjMDvPPw4,étiennealves-masson@outlook.com,1q6mn3inZ
946,98OczfuWNKam7Is,oliviaalvarez@yahoo.com,RtuxMa2yd
947,wANQ7VEBVczlWlz,danielduhameldubouchet@yahoo.com,ubzPbu6QD
948,rvlKhoBcBY3Yame,mariannegiraud@yahoo.com,3AGjbwe2M
949,wZVFimrtGLgSikz,antoinemarchand@yahoo.com,teiaSPOtC
950,Er0Ot8C7aXUSgru,jamesjackson@hotmail.com,7f6GWjwt1
951,LanZHmA002SL6LW,charlespires@hotmail.com,uVQSSwrDf
952,bsInOLz5ZTgJdJJ,johnlopezmd@gmail.com,DmK9OwCla
953,PL6xJr2ntRe0Hh0,véroniqueguichard-vidal@outlook.com,EQ4GTVZbo
954,hOb221U0K9myxlc,tylerjohnson@outlook.com,HgVdeVP4B
955,XuHKPCndUolskvK,denisbailly@gmail.com,prIlSYn2I
956,ozFL2r9AHlLhyjO,virginierobert@yahoo.com,hzHBjjIFI
957,nX71EziEVvzJJtX,vincentpruvost@outlook.com,UtP7ouDN3
958,nRJcv39kkGU6wmJ,édouardmerle-reynaud@outlook.com,ogRwXqvgc
959,nmpky0HRt3kBerJ,marymartinez@hotmail.com,Pfod0vPdR
960,9eIxrrAahhgQ97f,genevièveantoine@gmail.com,Ldq3o77M5
961,gQXzL6VisboeRsM,toddjohnson@hotmail.com,yNiK62TEK
962,HOMhD6jXatiDOhU,patriciarichards@gmail.com,R0HO1ijNt
963,WAg8eRNa2hMz0zV,johnnyfarmer@hotmail.com,VXQjwVmRT
964,0MVVofmy1JtMG62,élodiemunoz@gmail.com,gT4jODbX8
965,Jc7X1GqPn6vtNpk,joshuamorgan@hotmail.com,1jaJWuF2N
966,tNcOQ24aRWSnnzk,amberrandall@hotmail.com,mn1mg3I0V
967,MzbvhbvOm0FsVj8,benoîtguilbert@yahoo.com,kj3bTKbFo
968,hiTy5qnjGbBCv5s,bertrandgermain@hotmail.com,7tdSqVBlg
969,yJGISYWBoZooidh,auroredufournier@yahoo.com,Grv7MDsj8
970,OJd74iIOymgf3tV,camillepires-besnard@yahoo.com,aKVtmfpRE
971,hSlUTetnn6mCO2p,michel-arthurperez@outlook.com,m9fF0MHHm
972,gzSkjyKQYOotEFd,amymitchell@hotmail.com,S1UUjYNju
973,HBT8nedLDrmb7zq,richardbaron@hotmail.com,GaSmr0ohF
974,1QLOVrjHoy7fjFO,georgefordmd@gmail.com,o4FfPZCfs
975,A0kXYi4yjO1vowm,frédériquemarty@outlook.com,0EyPk1oVT
976,aPkciB2M1uZiQoy,brendaparker@gmail.com,kiIsbwKnG
977,sQ4uS6fOBcr4xq5,calebponce@hotmail.com,K4aiZgV88
978,7wWVyduG5MR1FHo,noëlneveu-gosselin@yahoo.com,uRJhptpkD
979,xytY0y1lFme5NPJ,henridiallo@hotmail.com,7342B4Unt
980,2kWZDAVyCXrM1Bt,katherineolson@outlook.com,D9JRo7yw7
981,L3CQZziPVIHxApY,amélieblanchet@hotmail.com,errFAIbly
982,zom7anYTRfo6UW1,juliettebourgeois@yahoo.com,2FomCt5kn
983,jyCCuT3HfPujkMX,anneboutin@hotmail.com,kiIsbwKnG
984,tZ9bqSzW2vVLCEv,kerrystevenson@outlook.com,U4MzSdGoA
985,zdWXevBeTCYqfYN,joséphine-agathejacquot@hotmail.com,4ly2he8GL
986,XQSIYDvU4RSHymt,constance-valentineduval@yahoo.com,KdSSae5jt
987,UxbGf0LHCCGbzKV,leahperez@gmail.com,TQjQcdT8o
988,WxriLvKpRrLzIOs,camillechauveau-sanchez@gmail.com,gE1G6sm1m
989,GZx0nmyLaZhGJ9q,jasminechambers@outlook.com,WMnaw7AFH
990,GtkdTHtRXUFyRDJ,johnwilson@yahoo.com,xD5uRpVqK
991,d2cAz8SxFPDLBAK,abigailthomas@outlook.com,GEvzNKAqU
992,bp86O8oUhV8qiOO,étienne-matthieusanchez@outlook.com,xGRXzoDPq
993,8HPp8SxNC5va45g,adrien-christopheétienne@hotmail.com,pMQ27WRJz
994,3wPRWm00ykIORif,cynthiachen@outlook.com,TwSYh0HJZ
995,60B2yiQ9V6Nz4q9,jenniferrandolph@outlook.com,50qZ4WQ7j
996,7WHZiY2fLBduaAF,paigebecker@gmail.com,kj3bTKbFo
997,9WObsAQvHcK6Mhv,margotfaure@gmail.com,DtGseN4ff
998,l1g60knh8KGbl5s,thérèseblanchard-schneider@outlook.com,b4HrGEFPh
999,vPVNihwo0P1ZeIk,hélènedelahayedeallard@gmail.com,ZBg6zXdqm
1000,Rg1bRKqKkGqHgm6,michellebaudry@outlook.com,evmhLnFoE
1001,JNVdeS653f179L3,victorbernard@outlook.com,kj3bTKbFo
1002,XUYLsQkWOdNn3A3,amymoody@outlook.com,Q0ZkGX6uJ
1003,MYwvbtnzO7lvtdb,camilletraore@gmail.com,9ikJAWcWr
1004,ISbH6cSrQQD7JWL,brandibell@outlook.com,vBaas2JYC
1005,0D9005osiOyRsK1,sararomero@gmail.com,dWFd5vS6j
1006,zg3ALrcCBpQJhIy,françoisadam@hotmail.com,v6Sor9yZX
1007,5ss3BrBe4QRIDel,elizabethjohnston@yahoo.com,zkCV57cQR
1008,VhlPifvKrPa3hp3,michellejones@gmail.com,Djt2W1f4g
1009,eb7ULhYU7cjX3S0,lucas-charlesdidier@outlook.com,W9Qv0tpK9
1010,WYN2SWmokaV6IRY,luceétienne@gmail.com,tkK3hhFZV
1011,Eh780prqz8IdhM1,paul-thibaulthardy@outlook.com,NmjZAPqON
1012,lrMhl2cIgARvDk4,alexisgomez@outlook.com,tshH3fNAt
1013,tDPw88m4oaR46H7,bryanhamilton@outlook.com,KZSpzo7Ne
1014,SJSu1DriZ4rUq0f,sherriromero@gmail.com,hs5MN4sKl
1015,WAO3M6ulGnwM7k7,carolineraynaud@hotmail.com,ttaIiYTOp
1016,B3EtTFLD1D8az0U,thomassingleton@yahoo.com,6ek5ULIaN
1017,50ONbSH688O1891,thierrydelattre@hotmail.com,T5W8gWXgC
1018,kNklA2XG74bM8Hi,markcunningham@yahoo.com,xNY0lFnhX
1019,wCXB60p2FDiRfJL,audreydufour@yahoo.com,4ly2he8GL
1020,1tHYEQR1IxKDqoK,émilieperrot@yahoo.com,kPltMRFI6
1021,5mmS76iPbNteVaQ,christellelefoucher@outlook.com,iIqcoeNTd
1022,sTzrJA4jKlwABTX,frédériquepires@outlook.com,UNcF8ebUm
1023,5wCLCDe7xsLDhtH,pierreleroy@outlook.com,eaufwaDyu
1024,WcMQ0lB2XqB31Xm,samuelrice@hotmail.com,nALHCAtse
1025,3c7L5K2xUNbpwgN,renévaillant@gmail.com,cC5CNqjtw
1026,ttrgSk7cKcmOPXo,christiane-julietteroger@outlook.com,0zyxTXTKK
1027,zwUkr3MySkAPZ85,dianeantoine@outlook.com,UOX8oS5GW
1028,DMlxVX7fySFKMRi,georgesalazar@gmail.com,dG1u4ZGf7
1029,8Em62GhFMrcNqcr,henrigaudin@gmail.com,XCRquBawG
1030,phDmcA3gadLESzn,virginiewagnerledumas@outlook.com,60tPpzAR0
1031,8r0DzZGc8eWLlL6,danielshort@hotmail.com,q29vrvBK9
1032,N5CetMWvPWJbnfq,marcelleperrin@yahoo.com,qUSpQQor5
1033,Zkbb8Cu7iCgxK7p,bernard-luccamus@hotmail.com,yodQHhASQ
1034,mmGHrJcXboUXIFu,aimémarie-maillet@outlook.com,zU0cbRLm0
1035,4R84hH8rHLQEUZa,bertrandfouquet-bernard@hotmail.com,Gq15GhGz8
1036,VpqfepH0j1gdSAV,audreyleblondel@outlook.com,BG5Y1rhsI
1037,bYwUoCwSflBm3aa,alexandriagallet@hotmail.com,UOX8oS5GW
1038,BWuJT6hRBApydoD,bernardpasquier@gmail.com,0zyxTXTKK
1039,RrpLQJXosYvUhOd,alixlaroche@outlook.com,IIeDRpOy2
1040,PMSCfiLV1PEB7Er,gérardbecker-léger@gmail.com,X6XK7iwLg
1041,sdRsCDUJuHHTM05,josephlelaurent@hotmail.com,GyJaa9eQp
1042,x94KGJNyZfG4VKz,christopherwhitaker@outlook.com,zpTPukZpC
1043,v7YYgHPIN9lPBoG,susanhamel@yahoo.com,FxwVl5AuX
1044,cOuHw6pvuvMSL4m,élisemorin@yahoo.com,aht1nMLDm
1045,5qoBYIKts3xqqxJ,yvesgallet@outlook.com,oMePegipM
1046,q7z2IKL2T5bseK6,alfredtanguy@yahoo.com,1MVbCWnTQ
1047,2NL3g4LGpx1eQxT,robertlecoq@outlook.com,EQ4GTVZbo
1048,ghLB6qR1500SaB0,frédériclaurent@yahoo.com,Y6D219XJK
1049,P7sL9jk4D3urUYe,denis-guillaumebrun@gmail.com,4yWonNmFy
1050,afKYQHuhxuPUlyV,jacquesmartel-barbier@gmail.com,wl6ZAPtHN
1051,pAWeMd7pAIgKkbn,josephwarren@yahoo.com,nznGMRdWi
1052,98wCUarg6Q7xylE,vincentklein-albert@gmail.com,10GMTo1X5
1053,eExIsyXaYXtWFQq,carolineschneider@outlook.com,HvjSlOq5t
1054,Uf1BsZKUDRTS6Rk,frédéricguillou@hotmail.com,b8C0f9YUw
1055,TMwrZeUMj9RsKls,antoinebrunel@gmail.com,NhO9F7NnL
1056,E38A9qSBYMmGXDc,dennisfernandez@hotmail.com,NmjZAPqON
1057,vNojbZFpJuihuNc,juliawhite@outlook.com,guqXWTuGj
1058,yxmij8nJolBlZRH,noëlmuller@yahoo.com,LwLpJaP05
1059,RazS3anNSctW2HB,gabrielschneiderdelaarnaud@outlook.com,xpQRJXXvX
1060,2R7qwdMyInqeUAX,michèlechauveau@gmail.com,4MtGYq5Mc
1061,lNt8nNCMAVkrZvH,alainmartins@outlook.com,Q3JutVxW6
1062,QcSANP23QbdRipN,françoisétienne@yahoo.com,FY34y8Z8O
1063,0v1wD7OWFegWHui,mauricedeoliveira@outlook.com,dejtvvaJs
1064,22lVCPojyUB31Q0,anthonyquinn@hotmail.com,N19bdTHPE
1065,SFSvA9JyFI1207L,vincentsantos@yahoo.com,zxQDyB4gB
1066,RiJUKSApesc4bTF,mathildededossantos@hotmail.com,YFHyQQarS
1067,ZeEKfhNmGcdTeqm,alexandriacolas@yahoo.com,15yuqBrpY
1068,PtkXG9BVJKxBQaP,jefferyarnold@yahoo.com,PEEMYrAdh
1069,iTLVUOLmJAksg4l,isaacfontaine@hotmail.com,U8jShntWK
1070,OL0RfATXbNyAkAS,brianacevedo@gmail.com,yJsfPegtx
1071,l11fzgmr8aKyy7d,shelbytaylor@yahoo.com,ARHjG07Zr
1072,QDbdNFYUNxidkyx,isaacjacob@gmail.com,aht1nMLDm
1073,sDid5jdR93rg9It,mathildemartins@outlook.com,ouD0JiXY0
1074,IL1y7bwDBNsbJCq,brigittelefort@outlook.com,63GEjEMGK
1075,ket08KNJqJGQIfM,rémybègue@outlook.com,teiaSPOtC
1076,S6p78oao162iRW9,benoîtdelattre@outlook.com,UD87jdckW
1077,gn6zMfXX4lFTzr7,margotmasse@hotmail.com,KqHY1x0y8
1078,fnMWkPiGeBQNlkk,jeanne-dorothéevallet@yahoo.com,wrubOBwuE
1079,j0URr9EMV6JXr4J,austinryan@hotmail.com,UesbR2M38
1080,Y8E5Vn4WogO7AaE,marcelmuller-guillon@yahoo.com,vTUSqVdqJ
1081,W8MoG7gvHwwZaOv,noëltoussaintlepinto@gmail.com,lZPUDBm2o
1082,MFGW8NuHoBZ6Ljo,jennifercarter@gmail.com,A1xJcEdaf
1083,gs4yRT0akMGuaQc,christianelombarddelabaudry@outlook.com,0zyxTXTKK
1084,EnuX18mwqphxKL7,julieleroy@gmail.com,Pfod0vPdR
1085,Ob8PBLu5aQjWbQN,élisecharles@outlook.com,HfGAOPsmo
1086,NgAgV4lmPify774,paulinebuisson@gmail.com,JhIsQn1Fe
1087,Or35L03TUXV3MIg,martingautier@gmail.com,GFoeMHvH1
1088,IIYhGXX6GI31ShW,margauxbruneau@yahoo.com,AiLiPgVl8
1089,Tch5I4nvrI8LYrU,robertledoux@yahoo.com,tRmqNnGQq
1090,j0VdJkVfZrCAOmq,stéphanieléger@yahoo.com,FxwVl5AuX
1091,27AgzOVF3ttWZ0v,jeanbernier@yahoo.com,Lrthd0sjG
1092,kAbYcPJFY7FbO8o,alphonsedeadam@hotmail.com,K4aiZgV88
1093,zDHBLhLVlRdH8Si,noémidumartel@outlook.com,J0dKLrFZG
1094,DRgKcj9lzIxwS1l,chantaldelarousset@hotmail.com,XmQOhWDnQ
1095,UxzcpH3OSUdkOJg,nathaliemarques@outlook.com,IhVNJkoXL
1096,EcoMUAbtBdZotId,anoukschneider@yahoo.com,pwBaf5WPK
1097,0EdRAHaFwDuEwMC,maryse-henriettemorin@hotmail.com,zWsbR8J7n
1098,3WfJghpQ1xeb2zx,corinnerocher@gmail.com,e6DQX6cJa
1099,Nffw9gNMtryL10B,dr.christinewatson@gmail.com,6ek5ULIaN
1100,xB0WYYHdCeNWoj5,susandelagodard@yahoo.com,vBaas2JYC
1101,ZjL415lCMHOwBBB,alaindelarey@yahoo.com,DoAuqAuF6
1102,c1aHgRxeTMQypDe,carolinerousseau-baudry@hotmail.com,eaufwaDyu
1103,1jZsL9mtTJC7Xsc,susanmorales@hotmail.com,xpQRJXXvX
1104,EQkVbFQBkAnDLlV,karinewton@outlook.com,KdSSae5jt
1105,pcdLbXo8qIOxZRC,jonathanwilliams@outlook.com,DqP7kNlb1
1106,8ePK1C4rl2hMbeD,michaelyoung@yahoo.com,Y5ks6TwCS
1107,gLUYZ2sAbii3pYZ,carolinecohen@yahoo.com,2euf5Rhu0
1108,oD4V9BEhYrxQu2Q,suzanne-coletteturpin@outlook.com,PEEMYrAdh
1109,I51SFBameL22QOC,martherobertdelalemoine@hotmail.com,4WE7O84tJ
1110,1gKocBFRpB5v5i6,keithholland@gmail.com,ICrArmRRa
1111,r9dS2YWvJVaj7w7,chantalhubert@hotmail.com,xIERbzxjB
1112,OhE1pY9vqJxE57P,margotlévêque@gmail.com,uVQSSwrDf
1113,HRjxbkW98CAYnmj,joseph-eugènedelahaye@hotmail.com,ECy3P87jB
1114,0435F9LN6mwU5AV,jonholland@hotmail.com,Q3JutVxW6
1115,U2wa19TfZa0ILAk,glencoleman@hotmail.com,7342B4Unt
1116,UXT4s9XHdG8FC5F,denisturpinlemichaud@hotmail.com,1NliyVP33
1117,9uZgovOTONxoOTX,auréliedeoliveira@hotmail.com,iIgil581w
1118,P4DWmzo0WV53Ddm,johnnyphillips@gmail.com,x5j9L2iXx
1119,lliQygmrzRgKCOM,hugues-bernardbriand@yahoo.com,cK1jyTASO
1120,dehANUBN89TpqKJ,xavierdelahaye@yahoo.com,7mMqHMLQK
1121,v86c7T9XEgPRrib,marysedelamichel@hotmail.com,Obq1qseGa
1122,qkBnXJugP88ZrfW,sébastienbreton@yahoo.com,uRJhptpkD
1123,9IGvNKJHHvdPmlZ,nathroche@hotmail.com,nALHCAtse
1124,fgHVbN67QRdyjc1,isaacdulemaire@hotmail.com,pMQ27WRJz
1125,ozUrlPVaQzaiqxE,étiennebouvet@yahoo.com,t79VE7EdI
1126,PFpeSzm3MUX6X2M,jacques-gabrielnormand@yahoo.com,yv4zVuooC
1127,WgNQxYvyHUtWakM,alexandretorres@yahoo.com,wl6ZAPtHN
1128,ocGFsqzfMMCoI7s,margaretcourtois@hotmail.com,GLni6wxWB
1129,6IZyTuy0zwGw8fN,arthurnguyen-lévêque@hotmail.com,lno0uhwsv
1130,0Cl0LLRrSl0V9rb,bernardmorel@gmail.com,4P6Y1Maxp
1131,632L4G0yAYQG4RU,jacquesdedidier@hotmail.com,JAn6hau46
1132,4zlE2nhXUnalViF,gérarddelaroger@gmail.com,qCzB7LYsj
1133,Aey7LqkVeBMwKzL,agnèslefort@outlook.com,lno0uhwsv
1134,EONljmrvFyncRzu,laurenpatrick@gmail.com,SNUsULDal
1135,fjTZqVXsIDSeEWO,carlamclaughlin@yahoo.com,lvrEEiIZK
1136,tKrRllpuhwX9PHz,jules-christophenoël@hotmail.com,029SbzCkH
1137,Hmjr9G0GwPYIUiE,stéphanieleleu@yahoo.com,KqHY1x0y8
1138,Cc8fKCnH5e0baXv,martinmaillot@yahoo.com,dWBWNWz0O
1139,grpSJPnZeQZvBZ0,henriolivierducaron@outlook.com,cvVt4a1Ox
1140,SXjDHu7ITUTQ38o,andrédumas-teixeira@gmail.com,eok7UHzvP
1141,n9VwqvzILSOsqak,astridregnier@hotmail.com,y4DukwG4y
1142,obZvcPvKtvdrBJe,rolandhamel-chauvin@yahoo.com,iM6AG5zMA
1143,OCBK8iPFX2mIwjR,lucysimon@hotmail.com,R2LZfOiXT
1144,fBQIW8NgQugIPq2,olivierjoseph-fernandez@yahoo.com,iM6AG5zMA
1145,6dXuMFRnLM7B8FK,thomaslambertdelaboulanger@hotmail.com,YbNXN1MLe
1146,rMqqRs6tFOQUjtT,anastasiecouturierlerey@hotmail.com,WKVrmm6Kj
1147,9P1m63eOVU3QjUU,kararussell@yahoo.com,BzOzKXiDo
1148,ryiXMqsvhn8ViMk,patrickrose@gmail.com,UNcF8ebUm
1149,94ko3czddZPnLHN,benjamindiaz-blot@hotmail.com,W1dSB1SiH
1150,OqC0lwRqHcTwzEh,christianefernandes@outlook.com,qUSpQQor5
1151,gfw74MH6qwVlJNw,mathildeboulay-sauvage@hotmail.com,ycpEHUX7c
1152,tqCRYCVQWfTK7ys,émilieguibert@gmail.com,BCZSWCZeE
1153,2HQNPH0dCkCM1Yd,huntermorgan@yahoo.com,Pfod0vPdR
1154,mtrktbzDQYc2ATl,williamgarcia@outlook.com,NmjZAPqON
1155,V6kLIAsdD9E7bA2,alejandrobrown@gmail.com,Ab3381dqD
1156,9JeftEuYIsVSwG6,dominiquechauvin@hotmail.com,wzCUiMkcN
1157,YxpXWS1jnKooYyN,victormarchand@outlook.com,d7cgnDY23
1158,y75gd7MLtOxmAHi,joséphinechartier@hotmail.com,0WChJ1yBq
1159,qDGSZwQPSXVCyPU,thomasseguin@gmail.com,AonsEk2iw
1160,JGFWg6NXTA6VydF,hortensegallet@outlook.com,ouD0JiXY0
1161,0OQclCRltRiqXW3,guillaumebigot@hotmail.com,dWBWNWz0O
1162,MK5XEoVD6Gt81tu,erikbond@hotmail.com,zxQDyB4gB
1163,ZCK1ztmHP1TxyQo,richardrollanddupaul@hotmail.com,MIfBRbfxr
1164,enUiKtWfj5UqaK8,christophermyers@hotmail.com,tI2PQonep
1165,5ctehGUuAN3Ftvv,hortenserichard@hotmail.com,ErOwFp6DO
1166,5SKrP3Rh7HhaAQS,julianwallace@hotmail.com,1f8E6Ld2j
1167,ezF3ixShMx9FCMJ,thibautmonnier@gmail.com,ELx6hw5Ob
1168,DJEthNgrjrn9ql6,carlafrench@hotmail.com,ttaIiYTOp
1169,O68xWkKPEm3C1Wo,adrienjoseph@outlook.com,HA8YwZ24U
1170,GOT6oa30DJGBLP3,jeannineletellier@yahoo.com,OPJUJtczg
1171,HtDbqD07zzn7y9p,richardcostadelafischer@outlook.com,dWBWNWz0O
1172,w8lD3KDkrA5TKZF,anthonypratt@hotmail.com,6QrovSTqf
1173,424RfoUHRj6D2qa,nathcollet@outlook.com,wzCUiMkcN
1174,iP1KkJ0UhUSGOF5,michaelobrien@hotmail.com,aKVtmfpRE
1175,2zMyiYagw9fSCNN,jamespowell@gmail.com,nmKq95jXS
1176,dfvAe1MMxHPI0sU,patrickthibault@yahoo.com,zU0cbRLm0
1177,2m4HtZOjC2buFLX,xaviergosselin-martel@yahoo.com,C6Cs97VyY
1178,LV9YKD3gnVtc4nk,crystalvasquez@gmail.com,MIfBRbfxr
1179,VidsQlCcxX5q6rJ,capucineduval@gmail.com,xpQRJXXvX
1180,KSBuEwzhTrAf33U,patrickleedds@hotmail.com,R26hY3Bsf
1181,NY6YWEJwsZWaZ4Q,alexandriebruneau-paris@hotmail.com,nLnROMHLW
1182,0qTs2q2iEANp2K6,bernadettedupontleleroy@outlook.com,ycpEHUX7c
1183,E1h5zR2GsLJ8qrN,anastasiebarthelemy@hotmail.com,NmjZAPqON
1184,tO9nxyocdDtOxwy,christinenormand@hotmail.com,yycj2FYJc
1185,gSulDi0xQVbVjOX,thérèseduferrand@gmail.com,J7ZIVFhf4
1186,vCrbEhA5HEi7SzK,olivielesanchez@gmail.com,EpZhj39u7
1187,Rn36Ow4gLpHoXjr,timothywong@yahoo.com,Lrthd0sjG
1188,kAB7N4jrs6pv66j,grégoiregrenier@yahoo.com,EQ4GTVZbo
1189,btkmcQOEUYjGf4Z,audreywatkins@gmail.com,BF47v9h9u
1190,itdlFJ34rMRI3HG,alexbrunel@yahoo.com,zv8OCjXKO
1191,56AXSZrqKc4bczl,jacobmillerjr.@outlook.com,Q3JutVxW6
1192,Dtp3aPu2aFegTrE,marysemarchal@hotmail.com,ERcWUtZpo
1193,u9DkBY11tSslEim,adrienneblanchet@hotmail.com,BzOzKXiDo
1194,bRUEJfVgLkpiggp,deanlee@gmail.com,yZ07xqpJJ
1195,6nyetabkm1Jx4uE,louis-patricklaurent@hotmail.com,SlPpn0uh8
1196,gqDf3UImXbMMxAJ,josephleroux-clerc@gmail.com,Y6D219XJK
1197,cF89xgEw7J5Im83,manonmoulindumaillet@gmail.com,3kk0Hie9h
1198,c7CRQLmYXzKsgPm,valentinenguyen-rousset@gmail.com,IhVNJkoXL
1199,fnkNy8ZNyaknfAo,thomasevans@hotmail.com,5CQQCIyFG
1200,YmP17VnIj6YCVr9,oliviermoulin@hotmail.com,NSlw6CP1q
1201,CclW71ILsR3nCkd,lorettalindsey@outlook.com,JAn6hau46
1202,aURGEzwFFhZ7l22,jessicastrong@yahoo.com,dzrIBEIqy
1203,ITZa5G9026MIHbh,danielmelendez@outlook.com,gE1G6sm1m
1204,JX4riO6TNDk4zQC,sophielemonnier@gmail.com,gHRr8BWGz
1205,YOXIwaxQfIRIO97,andrélegilles@yahoo.com,R0HO1ijNt
1206,VbFhQ7xaqYJx1g7,nathaliefouquet@yahoo.com,pMQ27WRJz
1207,aC5P7mLVlilQwjl,isabelledemaillot@yahoo.com,DEIlBd7OE
1208,crDLjGD4cPFpAUJ,maryevans@hotmail.com,zx2QYChYn
1209,S85mLND6LYNtrX5,georgerowe@hotmail.com,HoI9YlbjO
1210,kwlCr1dpLSOg8Un,gabriellebertrand@gmail.com,wa4zAO6jR
1211,KvxAZSqADYZIjwU,alexandrielelièvre@gmail.com,rPgVkeB9B
1212,B5HEkNiaAsKIX6Q,raymondbonnet@yahoo.com,zHsCJg7o0
1213,HG8nVuKBV9Yemz0,léonduhamel@outlook.com,nLnROMHLW
1214,SOlIJZN96Aa2QT5,williesimmons@yahoo.com,hQ5SEnDuN
1215,c79QL79eH0jPIrn,paulduleclercq@outlook.com,LwLpJaP05
1216,GTo7JEMCkX6FZIT,jacquesarnaud-schmitt@gmail.com,1WFhMlxvb
1217,82T2JF3nvu5bdDp,mathildedemarques@yahoo.com,khSfCDF3T
1218,3TZvvTpPGhvEDG6,matthieuguillot@hotmail.com,nALHCAtse
1219,0I7fd9CTsqSwPFS,thibaultcharpentier@gmail.com,CYHtCJ1NS
1220,tsCTQ89kPrmXeeX,paulcolletdelaferreira@outlook.com,AiLiPgVl8
1221,Nc6mz2gXk7RKzNv,tyronebarron@outlook.com,f8lIyMhZd
1222,WhRj3V9n2eMmkC7,josephhenry@gmail.com,TxevXRNXt
1223,e4fLbGp4zKp6xif,martine-camillebrunet@yahoo.com,khSfCDF3T
1224,7LEXzHRJnrKGZS9,cécilebrunet@gmail.com,41rurVsgp
1225,dA8I2HbsDZE7DHQ,kimberlyjenkins@hotmail.com,1uaxjhVZ1
1226,T6UqRFhUVhxB2Eg,olivierthibault@outlook.com,mPj7lcPtD
1227,onD8NwtxVme92Ve,aurorepierre@outlook.com,UwnSq8lc4
1228,Z65q0i2ZPoFG4W2,stevenbell@gmail.com,uVQSSwrDf
1229,TQZ6Zsavc8hfJ8M,paulettepaul-bazin@hotmail.com,S1UUjYNju
1230,7n7HSA0Y2vq41eH,juliasherman@gmail.com,VqxQc7UdW
1231,51xDfGophgmEV2m,julienfischer@hotmail.com,b31oSyhiN
1232,okZCyxBXQpKRQBS,océanedupuis@hotmail.com,yodQHhASQ
1233,rx21dHkNZCCGfBb,ryanoneal@outlook.com,DoAuqAuF6
1234,fnEuZypQy8Hw0Za,frédéricbaron-boulay@outlook.com,cvVt4a1Ox
1235,29QYCMek1oaGtnw,ryancox@gmail.com,PBtNzXfFU
1236,xTC0a0EnjvfcPpT,émilehubert@gmail.com,RtuxMa2yd
1237,OVMJyZamO5L9Uc5,nathbazin@yahoo.com,vntUAUNzI
1238,3kt9XzhBhx5Y8zG,charlottemeyer@gmail.com,wl6ZAPtHN
1239,kTeqR9myZgxggKd,aarondaniels@outlook.com,lZPUDBm2o
1240,IEOP4S5exX7NUIp,stéphanienormand@yahoo.com,tkK3hhFZV
1241,ltQ8GbmmAJVJ8kI,denise-simoneperez@hotmail.com,R26hY3Bsf
1242,5tfr6k1TP2AK1lz,rolandmoreau@gmail.com,o4FfPZCfs
1243,j5IPu4xZsk3mxJF,élisabethhardy@gmail.com,oMePegipM
1244,6vlbjqaj6RaME17,simonelefort@yahoo.com,oXR74LXhg
1245,HJY5f6EkzZKUQya,thérèse-susannemendès@yahoo.com,8NzMITcJJ
1246,BGgFGOpHHydiITw,anoukdumont@hotmail.com,Sa1uRriUe
1247,McCres3ALLsQu1N,léon-williamhoarau@yahoo.com,FdTkSVB3D
1248,iZ1VrxnWJe2i113,aiméeberthelot@hotmail.com,Tqgt1NMBM
1249,VHvQQohPUUszxnL,bernadetteleguillaume@hotmail.com,63GEjEMGK
1250,oSpvbI6o0rACNIN,angelcastro@gmail.com,9K8wnPS7B
1251,uiPMyg9YzXM29hn,hugues-timothéejean@hotmail.com,UNcF8ebUm
1252,YgDX1cvO2ILNT4q,jeannefaure@hotmail.com,KdSSae5jt
1253,7RO3BXUq4Mxl2vr,jérômenguyen-marchand@gmail.com,ckOenvjbc
1254,ROQ5wPJZi4PJXvn,davidbenitez@outlook.com,13a0j5ASK
1255,CCAM2DCkfzuEaD5,normansmith@hotmail.com,iIgil581w
1256,Xi2LRvpIfLhya12,timothéemahe@hotmail.com,f5qZIqp3m
1257,TNiGpzzSIxaq5F5,cécilelucas@gmail.com,Zl6rn8PbU
1258,z0MCc2njnS6Bxhf,juliecaldwell@outlook.com,A1xJcEdaf
1259,F07GKXCkLmr3Bbf,louisalbert@hotmail.com,xD5uRpVqK
1260,wdRJtlAdXbeiGI2,garydavis@outlook.com,hzHBjjIFI
1261,XFz5fIniaPAhe1W,rachelgordon@outlook.com,nYPo6xZM5
1262,yJqqnZbgIEIli5R,matthieumorel@outlook.com,1uaxjhVZ1
1263,KNIU9DD02hvJ0PZ,leahrice@outlook.com,5CQQCIyFG
1264,6t6PNn2MT2TkpFr,aurore-andréelouis@yahoo.com,tggW1Q4YH
1265,4ier4bBAxbTfQGd,angelatorres@gmail.com,T5W8gWXgC
1266,LJHxmzoaK9MbUfp,andréevaillant@gmail.com,jfLKUwOyY
1267,GbGqNHkWxhQ1QQe,lesliewade@outlook.com,8GCaiBnoL
1268,u86bKPh1g0ocqJm,stéphaneblotledelahaye@gmail.com,H3Cm794vH
1269,YwvsDdn1oR4M1cZ,nathaliecarpentier@outlook.com,KZSpzo7Ne
1270,P7ANCzm0TXQnp1X,paulpires@gmail.com,kPltMRFI6
1271,EQDfmB5KY1Gvequ,maggieriou@yahoo.com,TiVx0gDQn
1272,nsVlJZCNQLzWbcY,anastasie-christianediaz@yahoo.com,1q6mn3inZ
1273,uI9vhZdZdobW4Gw,joséphinededupont@hotmail.com,Y5ks6TwCS
1274,fWBhDcgCd16EY3l,timothéelacroix@gmail.com,9AiHbG56C
1275,oialtHZDPkk1MQS,mauricelejeune@gmail.com,TyYkHGZeJ
1276,ikhXO1qasw84e5D,émilieletellier@yahoo.com,tRmqNnGQq
1277,QlLeMuY3yP8HbYD,emmanuelsimon@yahoo.com,dI2BuRlRO
1278,q3ciZrMXbKwQVh5,annwilliams@yahoo.com,lHsdPT8CL
1279,Ub1PlwWNfw23Zgk,luc-davidduval@gmail.com,gg2dwR5QL
1280,XRp0LNHeE7Wotpi,robertatkins@gmail.com,oIRErST7y
1281,tWx4ycNpipoB4Dh,thierryweber@gmail.com,iIqcoeNTd
1282,SKi47f4yVy5Ce2T,zoédegomez@gmail.com,R2LZfOiXT
1283,YLglbsGiYCAlUfA,sébastientecher@gmail.com,1f8E6Ld2j
1284,X69afJStAjLxzvf,thibaultdesousa@gmail.com,ubzPbu6QD
1285,JCQyq8NuP0ELHmj,jérômederodriguez@outlook.com,Dwwk2cdGd
1286,TpT5B5TsENrEvC2,georgesdiallo@outlook.com,0zyxTXTKK
1287,GEsIQ09cxTF0Bm0,célinemary-leclercq@gmail.com,RHjpQ8j4u
1288,qTRg46Pr8ZmbyR4,marcelduferrand@gmail.com,O8DsHy67Y
1289,Mg91KjSoJVmqHBT,margotmeunier-petit@gmail.com,DEIlBd7OE
1290,QqZIaZNO2uEoaOS,maryse-mathildebernard@outlook.com,vntUAUNzI
1291,RDM1WFauplHMwJM,brucejones@gmail.com,SlPpn0uh8
1292,yhXpR7O2XKsrV39,denischarles@gmail.com,7mMqHMLQK
1293,KNRHRVxHVTKz7n9,françoisemasse@outlook.com,B6PvGtJFs
1294,38mo6PMOG42FXNa,danielpetersen@gmail.com,njMUgGm0A
1295,dlFpMZMqX6xDMxg,patrickbouvier@yahoo.com,YgMtmdwYC
1296,6rRh5Iv8hNltf6m,kevinescobar@gmail.com,LwLpJaP05
1297,IMExjGxHaJArNAU,renéehardy-marchal@gmail.com,zkCV57cQR
1298,FOI0piyJFjmErgC,tonyawhite@outlook.com,95VpcZE1m
1299,5mk1GCE1Vc5caI9,jeffreysullivan@hotmail.com,LzHN1Sk3S
1300,dnRojVrVlMyLkdK,kevinroach@yahoo.com,f0AQrBwlj
1301,udi8LrhOMbSaS3K,melindageorge@outlook.com,5raWzhtCN
1302,GKwP3zw8ycDMxgW,pamelaburns@gmail.com,NUxvwMVAH
1303,KKqsmS4BEu0btA0,cynthiawilliamson@yahoo.com,HA8YwZ24U
1304,27Buhe4gByUql8S,paulettechrétien-jacquet@gmail.com,hQ5SEnDuN
1305,vs45LcSReYUW1l9,jérômekleinleleroy@yahoo.com,TxevXRNXt
1306,MHSzQ6lE2ZVlVcC,georgesjeanduthomas@yahoo.com,5raWzhtCN
1307,O4NWBmdpLWyTBRY,emmanuellemary-ollivier@yahoo.com,ShF1Qb3aH
1308,8QNOBtheBlJ5ki7,rémylecomte@outlook.com,USsxIXL9k
1309,lKwfDGakxuIlH0E,laurajones@gmail.com,uWkZrwHPx
1310,CjEt0o6kTh4CrKj,deniseroussetdelagilles@gmail.com,BQwu0Ssd4
1311,7wPcvxcIq627uWt,chelseaperez@gmail.com,AonsEk2iw
1312,6rAi7KycUEcVpqZ,marianneturpin@gmail.com,8GCaiBnoL
1313,aBjZWYkPe9Z0094,renépasquier@outlook.com,zxQDyB4gB
1314,bzOAuDYyzTCkol2,christophetanguy@gmail.com,3AGjbwe2M
1315,pv10xxbYqETCtzI,améliegiraud-voisin@outlook.com,xpQRJXXvX
1316,KzNKSPuFpk17148,emmanuellelouis@gmail.com,TJS0rxq5i
1317,H3Gz8VniYEFKmhQ,cheryllove@yahoo.com,A9jH0UaUm
1318,DG7t9XUlNZuWBvG,bradleymitchell@outlook.com,D9JRo7yw7
1319,ambUdyegRsWhloy,franckolivier@hotmail.com,nH8TezOoH
1320,bJiN8YJYLYwYDi9,rachelcarlson@yahoo.com,b8C0f9YUw
1321,G4BQzzyaOwNCMt5,kimberlyshepherd@yahoo.com,FY34y8Z8O
1322,D16j8XIZDmILhmF,arthurlopez@yahoo.com,iv0UQvTb7
1323,A9ryFzYQk2sjwqW,marielemaire@gmail.com,cvVt4a1Ox
1324,tRx5DE8woQx97su,arthurmeunier@hotmail.com,Eh5596LAJ
1325,4nGJYqef9FT39jq,robertsanders@outlook.com,vntUAUNzI
1326,jTbsL8pjSjJ4z9v,briannawatson@outlook.com,BG5Y1rhsI
1327,HhWEOF9HCJ4C2Pz,jacqueslabbé@outlook.com,pYLmCjaqn
1328,Fx3NbrKMvW5IJyp,emmanueltoussaintdeletellier@hotmail.com,kPltMRFI6
1329,Crrbv6NqF4DmzrA,brianlambert@outlook.com,XmQOhWDnQ
1330,ePCntuaAjQCNj1A,mr.michaelstewartmd@hotmail.com,7mMqHMLQK
1331,HxK0JF4Pn2Ovbsj,joshuaparsons@gmail.com,3AGjbwe2M
1332,tgNIciF4FqB3iZo,dianehervé@gmail.com,3AQ7S3CTX
1333,JD5we1TUN8nm6UZ,josettemarchand-morel@gmail.com,idksoERbL
1334,I8EfydikHiUIUTN,martinedeleduc@hotmail.com,aHfT6Reoe
1335,VjEFUkbkcgAgoKx,ritadavis@hotmail.com,mvvVbGurW
1336,lz6mNBuCjjmvI9H,philippetessier@gmail.com,xGRXzoDPq
1337,TRETA5D8RpsYXpt,brigitteguillot@hotmail.com,gyxRO7cON
1338,bpZTWhEvyr4gWkT,andréeberger@outlook.com,gHRr8BWGz
1339,8YNQRgcSKNpBnyV,marcmartin@yahoo.com,khSfCDF3T
1340,UY7HelBisitZgOh,frédériquelanglois@hotmail.com,dTP8MfOgn
1341,BeSNGffR1qtjJLv,shelbylynch@hotmail.com,dFUDyph3M
1342,uryrkYgeAkbdOcf,adamrussell@yahoo.com,TiVx0gDQn
1343,ehdBEkG2S2pxL7P,daniellevoisin-lebrun@yahoo.com,r3dne2fCw
1344,LNzwSYoDI2VRfGB,agathegilles-vidal@outlook.com,6ek5ULIaN
1345,XwfTvFQOZBMNt12,gilbertlacombe@hotmail.com,YmRgyHCm8
1346,HLE1UhokCShZ1US,michaelabbott@outlook.com,702dAY1PM
1347,00n4LWDjoNJXkTk,nathaliebernard@yahoo.com,dWBWNWz0O
1348,XkqMhGfKLjxj2HP,samanthamarshall@gmail.com,6QrovSTqf
1349,3z8ReZaOph3EINe,lauraweaver@outlook.com,Y5ks6TwCS
1350,VrCSM01uEiattou,madeleinebarthelemy@yahoo.com,8GCaiBnoL
1351,0x5xVkUFSIrLq3e,jasonbeltran@yahoo.com,isYrD0WSc
1352,5avvR1f5OX3HIvN,augustinléger@yahoo.com,wl6ZAPtHN
1353,AOA4Mly8feV57e2,margotrousseau@outlook.com,7342B4Unt
1354,8Xhk0K7Onh3LWRW,christinabaird@hotmail.com,g3EkFiHbl
1355,K8G3N3MKfp3zPlv,claudineblin@gmail.com,hzHBjjIFI
1356,G2JBG1p9kqQBxJZ,lisajackson@hotmail.com,vntUAUNzI
1357,mrPGlg6VPVRXukl,margueriteevrard@hotmail.com,L8bpfRHrS
1358,V2zrrJ1hpXWDEcr,tracylopez@yahoo.com,pwBaf5WPK
1359,sL6TJXmlOyw1cm5,gabrielle-cécilemaréchal@outlook.com,1MVbCWnTQ
1360,WedX0sXkE8qjpyM,rogerloiseau@yahoo.com,ycpEHUX7c
1361,mJEX1mHeFuldmPy,randymcconnell@gmail.com,tkK3hhFZV
1362,qXPmhu7hmzeA21f,audreylecoqdemathieu@yahoo.com,nALHCAtse
1363,Wp5HcHSnbu3ueoP,honorémartins@yahoo.com,1uaxjhVZ1
1364,i45xgo1yWexOm6p,suzannedavid@outlook.com,q29vrvBK9
1365,S19pvEx3KlfFvzA,josephmaréchal@outlook.com,6yQlHiVcT
1366,PFvgBcPqUsbvgIX,christelle-isabellelanglois@yahoo.com,cShhUIz0p
1367,zvSpPUjVWao6Y1S,carolinefischer@outlook.com,FEVTCLneV
1368,TcZ3oRaX7bJH0J4,guillaumelouis@gmail.com,K4aiZgV88
1369,o3kQW3aNwJ1QFxU,douglaswalter@outlook.com,GLni6wxWB
1370,JhwwElmLudMlPjM,théodoreléger@yahoo.com,b31oSyhiN
1371,aMSqBQ4NGLe68Tl,émile-bertrandlegros@hotmail.com,uyue7Nd60
1372,7SjSmUs2qj6kRf3,françoisperon@hotmail.com,gE1G6sm1m
1373,mks5fazePvHR1Kr,haileyclark@yahoo.com,UEzeZaEr3
1374,QknI0jqsmtF7QIu,augustinblin@hotmail.com,3kk0Hie9h
1375,RTklKvHXKTqG9nZ,johnhunt@yahoo.com,4wKCKkK41
1376,DNkLES1Ex5ZtbMC,martinedumoreno@outlook.com,t4HlSt0HQ
1377,c0D9QVUJYBCfPLv,seandunlap@gmail.com,ECy3P87jB
1378,tb2eu2fhfbeS99B,christopherturner@hotmail.com,gQd5vDrHl
1379,BSVXzmNU4GjnUAN,brucejacobs@outlook.com,zRduHdYyT
1380,nal9ckUIwf0STpX,christophergreen@hotmail.com,dI2BuRlRO
1381,75naaaz59UbcfYu,aiméefaivre@gmail.com,PVcToFYaj
1382,TmJtYDG8UuR7W2v,sophie-margaudmaréchal@outlook.com,HvjSlOq5t
1383,eqV9r5VbWmc0eik,claudearnaud-benoit@yahoo.com,MtgfaoeJe
1384,LzQXwCCeW6FY37P,sébastiendelahaye@hotmail.com,VPpoQDtf9
1385,wZx4AicSoRwhhW7,louismartins-paris@outlook.com,4L7OUohoQ
1386,J0vio13jOXizSpJ,odettepichon@yahoo.com,F9EzH7Iim
1387,ImvKaUHDEJgOlpJ,théophilelefèvreduperret@gmail.com,K4aiZgV88
1388,BkfSJRLN9g5SC2b,lisaperez@gmail.com,k6F0xvDyU
1389,IPeM9rVUx9gw5vb,thierrybrunet-guyot@yahoo.com,ZvPRLObxr
1390,3WqZ8p6Ye1OfyIG,michellelewis@outlook.com,BLZGpL63J
1391,jjfabeSku0NXb0k,lucaslaporte@hotmail.com,ycpEHUX7c
1392,GscfJpVxl21EkH8,austindrake@gmail.com,r3dne2fCw
1393,7FoAnQ8pCbcmlmH,aaroncole@gmail.com,SNUsULDal
1394,c46EdiwNhAEMeuk,patricia-alicebousquet@outlook.com,6ym62NGaO
1395,ugh44DnI2OdPsfm,pénélopedelaunay@yahoo.com,n9gfjuTi7
1396,uvfB4BfGtSMYN9J,franklingood@outlook.com,U8jShntWK
1397,gDe7OhzxRqRAZG7,jacobmartinez@gmail.com,R2LZfOiXT
1398,7D22H6aL8wk5p28,paulfouquet@hotmail.com,tRmqNnGQq
1399,xNYbXwTy8bauANM,paulinegomes@outlook.com,khSfCDF3T
1400,11NCMOgkNxGqQEK,alainbreton@gmail.com,vTUSqVdqJ
1401,1uXb4T6yBdazbTl,lorrainechauvin@outlook.com,1q6mn3inZ
1402,3zIYTINdPdp6zYH,suzannecoste@gmail.com,jfLKUwOyY
1403,skcMGnLbJendxOs,zoébodin@outlook.com,bTtYS92si
1404,dd2A3Wc7r2FAdxo,genevièvedelaletellier@outlook.com,oXR74LXhg
1405,V0O5c9cbdYluR0W,mauricedehubert@hotmail.com,JAn6hau46
1406,X19BEBvlS1WDq7o,augustinpoulain@hotmail.com,xIERbzxjB
1407,XFA0KkQn2UXfoIQ,pénélopeberthelot@hotmail.com,h9EQCeo91
1408,0isTpQhvQUtkzQt,suzanne-éléonoremaillot@outlook.com,3kk0Hie9h
1409,WRJpAVBLwmX7OXF,théodoremercier@hotmail.com,J0dKLrFZG
1410,rccPdxrDJIjZZTy,kimberlyyoung@hotmail.com,lvxs2mKmH
1411,UYjoSGW0uu9yL18,louisgilles@outlook.com,m9fF0MHHm
1412,VK6mNjyXh3a704C,cherylthornton@hotmail.com,errFAIbly
1413,4tRwKZDydEFbsPX,katiecampbell@outlook.com,Pfod0vPdR
1414,8CFHkd5VpSKmeZy,françoisedulabbé@outlook.com,GUAW8ZEEX
1415,wZKGHpkPdwmTRWM,louisebailly@hotmail.com,zHsCJg7o0
1416,PXs3Q6JD09dyJVd,rémylouisdegros@hotmail.com,kJIv2lLLT
1417,VAQPNzV68QctjyD,érictraore-gomez@hotmail.com,N19bdTHPE
1418,NgFAj3PKrvkMnIO,luceimbert@gmail.com,QQzIns4R0
1419,ef4kMCG5YLExjmt,aurorebrun@outlook.com,xGRXzoDPq
1420,hw2Jij3rJpKMxMH,théophilelemaître@hotmail.com,43cUYuWu5
1421,AQull2LaaSps53H,catherinegaudin@gmail.com,v2bPft4Rc
1422,U3NnqjsdoaS1J24,zacharieclerc-fischer@outlook.com,tI2PQonep
1423,lqIdnV7SyGa1PgI,mathildefrançois@outlook.com,aht1nMLDm
1424,LJER1JWdEZScRXD,louislucas@outlook.com,ZvPRLObxr
1425,6RZEETiP1PANxHx,élisejoseph@gmail.com,KqHY1x0y8
1426,DOJss3N08NlhSs1,célinamonnier-lopez@gmail.com,B6PvGtJFs
1427,JUERXv0bbpfogNL,nicolasmuller@hotmail.com,v6Sor9yZX
1428,1YuGxSTCWo4O661,yvettejones@gmail.com,C36KBnWjf
1429,Uz4AsExuhhyGxPP,étiennedelorme@outlook.com,GLni6wxWB
1430,ibKGbTSgmOjzH3z,laetitiadupierre@yahoo.com,AhqEGSEHB
1431,pPh0leeZ0XETwfM,robertoclark@gmail.com,SNUsULDal
1432,TwpNsEVEjMRj6p7,guillaumelouis@gmail.com,Zl6rn8PbU
1433,WvvDyaVxhi85cO2,shirleydillon@hotmail.com,jfLKUwOyY
1434,HQr3G7E0suRJUSq,jenniferalvarez@yahoo.com,T0FPuEsdB
1435,dCaYXFcBig62VI4,micheldelamaury@yahoo.com,3AGjbwe2M
1436,VkvcAl95NNjO5it,théophilelelecomte@outlook.com,nmKq95jXS
1437,do2vkTZ6jSg9hww,garyfowler@hotmail.com,687dwEu2y
1438,sbC1F5X48R8VNUy,gérarddealbert@hotmail.com,XN6ynhrbn
1439,J2WWVXhF2VfX3BH,robertherrera@yahoo.com,ogRwXqvgc
1440,KitDHKVZl0nA5gg,éricduneveu@yahoo.com,xD5uRpVqK
1441,1zabo5Bp9vb0Tn1,brianbriggs@outlook.com,LzHN1Sk3S
1442,ilRMSXWjXCGvwc8,rogerfaivre@yahoo.com,6d9V5Nvy5
1443,Mbv2M0O8GdxF4cZ,rogerpinto-aubry@gmail.com,pc3yvFBlm
1444,M9uJY8ubKiRGExo,margaudleblanchet@hotmail.com,9AiHbG56C
1445,B6yVj72E0LwRtVc,madeleinegérard@gmail.com,X6XK7iwLg
1446,SV0u4WHa6cDTFkt,étiennechauvet-jean@gmail.com,ZH1QXLrZL
1447,IiHWsIzLhYiUVCl,jeffreygood@gmail.com,QvAlf0KeT
1448,LtN5fGmyTvrF8cZ,alaindavid@hotmail.com,MIfBRbfxr
1449,kz8XTIckUQuoVDm,stevepatel@hotmail.com,bptg37X5i
1450,YRhL5V4rjEoZy64,sophiegiraud@outlook.com,lvxs2mKmH
1451,JyULFGmd9luUojT,rachellane@yahoo.com,IF8KtuVOi
1452,lvQo7LOwoRmxDfH,georgesdaniel-torres@hotmail.com,6yQlHiVcT
1453,qOmyKYF3KtZ7nAH,dominiquecarre@outlook.com,K4aiZgV88
1454,Z6TlDyzGLKKlOqt,dianequinn@yahoo.com,5PHwSfQK9
1455,DAvwEwv6etcg8pY,martin-rémyduval@yahoo.com,anedX1v4P
1456,iSWXeEtYCCxVEKz,josephpierre@yahoo.com,p341T3lXe
1457,QaQMzvIpaphhPFR,amélielerenard@outlook.com,GtbYEJWCN
1458,OrLMws3feu1sRC8,jasminebutler@outlook.com,xNY0lFnhX
1459,ixSOB0LxBbVqaPW,daniellerobin@hotmail.com,TwD38YhVa
1460,zzlHMHxgDtRGY31,xavierlaporte-diaz@outlook.com,50qZ4WQ7j
1461,vVeQvBjZGR16rjA,william-thierryraymond@hotmail.com,IF8KtuVOi
1462,97nHxeo2ez75yR0,melissacraig@outlook.com,aZb9w7ohQ
1463,xGRgFJgQAEa9UcV,robertglover@outlook.com,TiVx0gDQn
1464,ALUf8cNHG9HqujJ,margauxdusalmon@gmail.com,Qz64SNBsD
1465,oKHWRPhbQft40Dq,capucineleroux@yahoo.com,6KL04txdV
1466,Dbh46NQrA7zoLG2,valériehebert-hardy@gmail.com,y4DukwG4y
1467,OlnbhQH1ut28Mtj,auréliejacquot@gmail.com,AtYUxXcue
1468,c5wE0OEFqRVxHZL,philippedepeltier@yahoo.com,cK1jyTASO
1469,IqaxTTl1jQ2eGpl,camilleevrard@outlook.com,E9yshVSPl
1470,tIEKqzmH35pR6Wj,timothéeguibert@hotmail.com,125nQTpeV
1471,Wrp7g4dRzki6LVo,émileturpin@hotmail.com,Tqgt1NMBM
1472,jiqR0QvRgM3VYXF,isaacmoreau@hotmail.com,YFHyQQarS
1473,GcmvDNZ5Y4aN5Gm,dennisjohnson@outlook.com,idksoERbL
1474,pFZgGjPn6aENjSz,bradleyobrien@yahoo.com,wa4zAO6jR
1475,HLYt8bd5AhHPXbB,micheldiallo@yahoo.com,anedX1v4P
1476,NE7Q6CbbLbPPz5K,nancyjones@outlook.com,gRB5yWITG
1477,KCnwo5CcjDuYXQ5,alphonseturpin-pires@gmail.com,oIRErST7y
1478,31Mim8a8q2ENgoW,susanneroux@yahoo.com,IN4S97gBd
1479,15J8cvoNNpGzlb3,michellebonneau@gmail.com,89Sxum0YQ
1480,B2hDjlRLw7kM34i,catherinethomas@outlook.com,C36KBnWjf
1481,wuQ9DIyWInKYrSI,patriciamiddleton@gmail.com,v2bPft4Rc
1482,slC9f50P00JIICi,louisreynolds@gmail.com,Z2vgHLHOK
1483,QmZoiKqYABQwiSU,benjamindaniels@gmail.com,uZlOC7aJW
1484,QBmI7AspPrwfDNE,sébastiendelannoy@yahoo.com,eUxDNyzsv
1485,PtdyKk92X6Fh067,aiméhernandez@yahoo.com,OPJUJtczg
1486,5sx76p24j294IZj,julesjacob@outlook.com,dWBWNWz0O
1487,ph3KPoKUbQEaZ8D,ethanconrad@hotmail.com,isYrD0WSc
1488,h3xskSnQpsfw9e0,christinathomas@yahoo.com,5PHwSfQK9
1489,T5yu8lsnQGb7OXK,caseyhaney@outlook.com,60tPpzAR0
1490,DNH8sUy4tbSOsZg,cécilehuet@gmail.com,Ldq3o77M5
1491,2sXhk1Ac7qyYuio,richardperry@outlook.com,BLZGpL63J
1492,QAC0SVZe36eMywY,odettelelamy@outlook.com,5hPmm2JPV
1493,gzCDvaRDmDEn3tf,julesduroussel@yahoo.com,TiVx0gDQn
1494,plVfOvAH2wR8JBf,frédéricmaury@gmail.com,eaufwaDyu
1495,pSU4rT0BmJO7pOn,williambigot-paul@hotmail.com,x5f1tusDH
1496,xDNP9VLN67CxSMK,léoncoulon@gmail.com,mfOasSgFv
1497,54W7LJAseM2elzT,nathaliebourgeois@gmail.com,41rurVsgp
1498,vP20H9tX99ooA5Y,thierrybouchet@gmail.com,aHfT6Reoe
1499,DvIBpFpLQoiam5y,suzannelefèvre@yahoo.com,cK1jyTASO
